route_key,final_seatcount
2025-02-11_46_45,3673
2025-01-20_17_23,1868
2025-01-08_02_14,1055
2025-01-08_08_47,986
2025-01-08_09_46,3255
2025-01-21_45_05,1008
2025-02-26_47_08,1287
2025-01-03_02_19,2019
2025-02-11_02_30,1802
2025-01-25_05_45,1928
2025-02-04_36_07,1372
2025-01-28_02_14,1131
2025-01-14_47_46,1515
2025-02-04_02_16,1487
2025-02-20_47_43,2669
2025-01-03_19_30,1810
2025-02-27_22_36,1237
2025-02-10_47_08,1098
2025-01-27_47_02,1498
2025-01-27_22_36,1379
2025-01-10_36_27,1041
2025-02-11_46_15,1327
2025-02-28_42_45,1788
2025-01-22_30_02,1536
2025-01-17_09_46,5868
2025-01-29_46_48,3305
2025-02-27_11_36,2395
2025-02-19_48_45,1525
2025-01-27_23_13,1715
2025-01-14_28_45,2601
2025-01-27_46_18,1119
2025-02-14_47_05,4757
2025-02-20_17_23,1190
2025-02-07_23_13,1978
2025-01-27_36_12,1637
2025-01-11_16_02,1389
2025-02-04_46_33,1002
2025-01-11_48_46,3332
2025-01-24_16_02,1388
2025-01-12_23_13,1924
2025-02-07_46_18,2819
2025-02-26_09_46,4176
2025-02-07_47_05,4537
2025-01-18_36_22,1364
2025-02-07_02_01,1559
2025-01-01_46_26,2031
2025-02-08_26_46,2013
2025-01-09_46_44,3857
2025-01-04_02_21,1437
2025-02-08_27_36,1741
2025-01-03_05_47,2327
2025-01-09_26_46,1417
2025-01-14_20_46,1508
2025-02-25_13_23,1506
2025-02-04_45_34,1416
2025-01-20_05_45,3413
2025-02-15_46_15,1815
2025-01-16_19_02,1470
2025-01-07_22_36,1041
2025-01-21_32_19,1744
2025-02-13_32_19,1544
2025-02-27_02_40,2127
2025-02-22_45_42,1787
2025-01-05_35_46,4386
2025-01-16_26_46,2065
2025-02-09_13_23,2891
2025-01-24_39_45,1511
2025-01-13_36_27,826
2025-02-09_45_47,5138
2025-01-21_26_46,1729
2025-02-08_45_05,1652
2025-02-03_35_46,3182
2025-01-03_19_02,2598
2025-02-06_36_12,1948
2025-02-04_37_36,3405
2025-01-28_45_44,952
2025-02-18_46_15,1152
2025-02-10_45_46,4538
2025-01-13_02_21,1063
2025-02-23_02_30,3771
2025-02-22_09_45,2820
2025-02-12_30_14,1527
2025-02-27_41_36,1985
2025-01-05_45_47,5272
2025-02-18_46_26,1389
2025-01-11_36_22,1202
2025-02-12_02_01,1240
2025-02-13_17_23,965
2025-02-08_09_45,3299
2025-02-17_45_05,1395
2025-01-03_36_27,1052
2025-02-14_37_36,4298
2025-01-15_12_36,1665
2025-01-26_02_01,1110
2025-01-26_02_14,1132
2025-02-05_36_12,1500
2025-01-24_02_21,1427
2025-01-18_44_45,1891
2025-02-27_47_10,1295
2025-01-14_03_47,1834
2025-02-22_06_47,1611
2025-01-10_44_46,2428
2025-01-30_03_47,1613
2025-02-25_15_46,1209
2025-02-13_19_32,2410
2025-02-04_47_46,1613
2025-01-04_47_06,1497
2025-02-06_01_02,1049
2025-01-25_28_45,1725
2025-02-22_47_03,1804
2025-02-05_36_22,995
2025-02-11_02_14,1175
2025-01-05_43_47,2660
2025-02-04_25_23,1070
2025-01-07_41_36,2263
2025-02-12_46_18,1593
2025-02-20_47_05,3056
2025-02-14_35_46,2020
2025-01-03_45_46,4381
2025-01-17_47_03,1602
2025-02-23_03_47,2998
2025-01-20_09_46,6338
2025-01-13_46_44,5165
2025-02-13_28_45,1677
2025-02-05_47_46,1506
2025-01-18_45_09,2969
2025-02-24_36_27,1280
2025-01-28_13_23,1798
2025-02-01_23_13,2319
2025-01-03_28_45,1402
2025-02-06_46_18,1806
2025-01-05_45_28,2172
2025-01-31_46_26,2001
2025-01-18_46_15,1372
2025-02-18_28_47,2685
2025-02-12_12_36,1788
2025-01-30_38_36,943
2025-01-20_46_48,3328
2025-02-07_39_45,1317
2025-02-20_46_26,1528
2025-01-15_02_19,1959
2025-02-06_42_45,1309
2025-01-02_48_45,2516
2025-01-19_03_47,4248
2025-01-21_47_30,1290
2025-01-17_30_02,1896
2025-02-19_21_02,1110
2025-01-08_45_47,4441
2025-01-11_47_46,3302
2025-01-22_46_47,1477
2025-01-22_18_46,1485
2025-02-28_18_46,1943
2025-01-17_17_23,1072
2025-02-11_26_46,1590
2025-02-02_02_40,2469
2025-01-11_47_30,2180
2025-02-12_47_06,1183
2025-01-03_35_46,1957
2025-02-10_15_46,2139
2025-02-07_36_27,1660
2025-02-01_46_20,2024
2025-01-12_46_20,2954
2025-02-21_21_02,1237
2025-02-18_47_06,1201
2025-02-13_45_05,2540
2025-02-17_46_45,4719
2025-01-03_13_23,1931
2025-02-05_48_45,1387
2025-01-07_47_05,3159
2025-02-05_02_21,1339
2025-01-07_44_46,1445
2025-02-26_14_30,1656
2025-02-10_45_42,1493
2025-02-02_46_44,3341
2025-02-17_38_36,2130
2025-02-16_46_09,6005
2025-02-21_32_19,1948
2025-02-15_47_43,2879
2025-02-26_34_45,1588
2025-01-28_47_28,1242
2025-01-21_45_46,3670
2025-02-16_30_14,1685
2025-02-24_03_45,1712
2025-02-04_12_36,1788
2025-01-20_43_47,4569
2025-02-04_48_45,1727
2025-01-22_27_36,1169
2025-02-03_47_06,1108
2025-01-23_46_09,4122
2025-02-14_03_45,1606
2025-02-15_36_12,2330
2025-02-03_41_36,2836
2025-01-12_13_23,2839
2025-02-05_02_16,1319
2025-02-07_05_45,1784
2025-02-17_36_11,2574
2025-01-15_46_15,1169
2025-02-02_33_46,3484
2025-02-07_47_02,2196
2025-02-04_48_46,3378
2025-01-06_47_02,1602
2025-01-01_07_36,3290
2025-01-20_36_41,3531
2025-02-15_03_47,1486
2025-01-22_03_47,1344
2025-01-13_36_37,1228
2025-02-18_32_19,1358
2025-01-23_02_19,1915
2025-01-15_47_46,1809
2025-02-26_05_45,1526
2025-01-18_45_34,1655
2025-01-21_21_02,968
2025-01-14_21_02,858
2025-02-04_46_47,1407
2025-02-22_41_36,3125
2025-02-25_46_44,3076
2025-01-03_41_36,4699
2025-01-13_07_36,1628
2025-01-25_47_08,1378
2025-02-23_47_08,1808
2025-02-07_47_08,1985
2025-02-09_46_09,5696
2025-01-25_47_06,1339
2025-01-28_46_33,804
2025-01-19_46_47,2815
2025-02-18_19_02,1662
2025-02-14_46_45,4872
2025-01-13_15_46,1460
2025-02-01_48_46,5645
2025-02-19_47_28,2364
2025-01-10_09_45,3699
2025-02-11_46_26,1562
2025-01-18_02_14,1381
2025-01-31_22_36,1628
2025-01-07_45_46,3293
2025-01-02_46_48,3902
2025-01-15_21_02,981
2025-02-28_02_14,1712
2025-01-11_47_03,4515
2025-02-28_02_21,1580
2025-02-01_34_45,1518
2025-01-07_09_45,2921
2025-02-19_03_45,1301
2025-01-13_05_45,1805
2025-02-10_02_24,1004
2025-01-21_45_03,1076
2025-01-08_46_44,2818
2025-02-20_03_47,1374
2025-02-16_34_45,3691
2025-02-14_20_46,1442
2025-02-02_45_34,1321
2025-02-13_47_46,1962
2025-01-14_45_03,948
2025-01-23_09_46,4009
2025-02-14_02_24,1732
2025-02-10_02_47,1829
2025-02-04_46_35,1488
2025-02-24_01_02,1408
2025-02-17_17_23,1749
2025-02-15_09_46,4787
2025-02-16_23_13,1955
2025-01-28_37_36,773
2025-02-19_15_46,1051
2025-01-05_39_45,3099
2025-01-01_02_31,2057
2025-02-04_47_05,1982
2025-01-22_45_05,1325
2025-02-16_19_30,2458
2025-02-11_46_47,1419
2025-01-16_28_47,2589
2025-01-25_19_30,1606
2025-02-21_19_32,2466
2025-01-26_46_47,2150
2025-01-05_30_14,1559
2025-01-30_26_46,1714
2025-02-13_45_47,5256
2025-01-21_43_47,3152
2025-02-12_47_02,1388
2025-01-21_47_45,3471
2025-01-11_45_44,2527
2025-01-17_30_14,1555
2025-01-02_46_33,1841
2025-01-08_47_02,1241
2025-01-14_36_11,1117
2025-02-22_46_09,4756
2025-02-05_36_27,1796
2025-01-17_01_02,1110
2025-02-27_17_23,1227
2025-02-26_45_03,1354
2025-02-27_26_46,1713
2025-02-18_04_29,1155
2025-02-11_36_37,7919
2025-01-06_12_36,2038
2025-01-20_01_02,1488
2025-02-16_46_48,4290
2025-01-23_45_47,3985
2025-01-27_02_01,1115
2025-02-12_08_47,1162
2025-01-11_02_01,1236
2025-01-14_45_46,3534
2025-01-09_16_02,1206
2025-01-21_02_01,1062
2025-01-16_33_46,3085
2025-02-05_44_46,1768
2025-01-12_23_25,1241
2025-02-09_09_45,5123
2025-01-02_13_23,2308
2025-01-03_46_18,1583
2025-02-14_36_27,2017
2025-01-09_46_35,3852
2025-01-08_25_23,1123
2025-01-30_16_02,1147
2025-01-07_02_47,1492
2025-01-04_45_05,2039
2025-01-03_47_30,1960
2025-01-17_40_02,2054
2025-02-23_36_27,1416
2025-02-02_02_01,1387
2025-02-10_48_46,5971
2025-01-10_46_18,4139
2025-02-26_16_02,1394
2025-01-19_46_15,1236
2025-02-24_35_46,2786
2025-02-19_45_28,2160
2025-02-05_02_47,1998
2025-01-31_08_47,1254
2025-02-04_05_45,1635
2025-01-02_47_46,1861
2025-02-17_30_14,1696
2025-01-12_28_45,2585
2025-01-11_11_36,1567
2025-01-25_45_48,1812
2025-02-21_45_47,5886
2025-01-19_08_47,4328
2025-02-16_28_45,3782
2025-01-30_30_14,1349
2025-01-19_44_46,7959
2025-02-14_36_12,2401
2025-02-11_39_45,1419
2025-02-15_45_28,3026
2025-01-08_04_29,1085
2025-01-10_45_39,3352
2025-01-22_02_21,1227
2025-02-07_36_11,3588
2025-02-09_20_46,2538
2025-02-07_45_47,5609
2025-01-12_47_03,3331
2025-02-23_02_14,1528
2025-01-15_33_46,2939
2025-02-25_02_47,1742
2025-01-08_06_47,1053
2025-01-17_45_48,2560
2025-01-10_46_48,10781
2025-02-12_23_25,1923
2025-02-03_36_22,1451
2025-01-20_13_23,2273
2025-02-19_02_24,1379
2025-01-12_03_45,1761
2025-01-04_46_15,1367
2025-02-09_46_26,2129
2025-02-20_46_48,4121
2025-01-05_48_46,6858
2025-02-08_05_45,1842
2025-02-21_37_36,4029
2025-01-13_46_20,2833
2025-01-02_31_02,2715
2025-02-04_19_32,2002
2025-01-31_46_35,3798
2025-02-14_43_47,2304
2025-02-28_45_34,3025
2025-01-03_25_23,2409
2025-02-02_45_42,1611
2025-01-26_48_45,2490
2025-02-26_31_02,1891
2025-02-13_21_02,1005
2025-01-24_21_02,1067
2025-02-17_39_45,2215
2025-01-12_32_19,2184
2025-01-07_27_36,1021
2025-02-14_02_01,1683
2025-02-06_31_02,1457
2025-02-23_36_12,2352
2025-02-25_23_25,1424
2025-02-05_46_20,1304
2025-01-30_36_27,995
2025-02-27_27_36,1638
2025-01-15_36_27,959
2025-02-22_38_36,2121
2025-02-26_25_23,1692
2025-02-10_01_02,1457
2025-01-09_47_05,7283
2025-02-10_47_06,1027
2025-01-26_25_23,4242
2025-01-15_46_26,1710
2025-02-09_11_36,4526
2025-01-16_04_29,1062
2025-01-07_36_27,828
2025-02-04_02_24,1136
2025-02-03_45_44,1025
2025-01-07_19_30,1247
2025-01-30_12_36,2052
2025-02-20_46_35,2587
2025-01-19_02_16,1600
2025-02-17_32_19,2485
2025-01-08_46_47,1295
2025-01-31_41_36,3238
2025-02-02_46_15,1386
2025-01-12_02_16,1777
2025-02-05_04_29,1066
2025-01-12_44_46,3696
2025-01-17_03_45,2198
2025-02-23_37_36,5424
2025-01-21_25_23,1603
2025-01-09_15_46,871
2025-01-01_47_43,1876
2025-01-14_36_12,1219
2025-02-13_08_47,1183
2025-01-12_30_02,2395
2025-02-02_31_02,3374
2025-01-21_47_05,1918
2025-01-09_48_46,2630
2025-01-03_36_07,2515
2025-02-07_47_45,4715
2025-01-27_46_35,1422
2025-02-22_26_46,1769
2025-01-23_19_32,2040
2025-02-18_16_02,1298
2025-02-09_37_36,5919
2025-01-24_28_47,1377
2025-01-05_47_08,2300
2025-02-02_19_32,2944
2025-01-28_45_48,1128
2025-01-30_45_44,1400
2025-02-12_09_45,2749
2025-01-24_20_46,1360
2025-01-16_42_45,1094
2025-01-12_36_07,1579
2025-02-09_08_47,2362
2025-01-17_47_46,2089
2025-01-22_36_37,721
2025-01-07_47_43,3299
2025-02-05_14_30,1701
2025-01-20_36_11,1769
2025-02-16_41_36,3758
2025-01-22_02_31,1802
2025-01-23_48_45,1195
2025-01-23_02_14,1147
2025-01-21_09_45,3452
2025-02-28_43_47,2338
2025-02-19_02_19,1850
2025-02-22_44_45,1215
2025-01-04_38_36,1310
2025-02-17_45_46,3951
2025-01-16_39_45,1680
2025-01-04_02_47,1998
2025-01-14_02_30,1476
2025-02-03_09_45,4366
2025-01-02_17_23,1446
2025-02-21_36_07,2200
2025-01-02_02_16,1363
2025-01-07_40_02,1589
2025-02-06_46_48,5268
2025-02-05_45_03,1370
2025-02-10_02_14,1246
2025-02-16_14_30,2858
2025-01-16_19_30,1429
2025-01-28_03_47,1250
2025-02-12_19_02,1778
2025-02-11_27_36,1554
2025-02-09_46_20,1884
2025-02-10_02_40,2255
2025-02-13_06_47,1394
2025-01-23_42_45,1370
2025-02-24_47_46,2072
2025-01-18_28_45,2823
2025-02-04_01_02,1243
2025-02-10_18_46,2707
2025-02-04_09_46,3448
2025-02-20_05_45,1341
2025-01-11_02_16,1535
2025-01-14_47_03,1125
2025-01-25_47_43,2097
2025-02-24_21_02,1305
2025-02-25_09_45,3092
2025-01-21_28_47,1385
2025-01-12_46_44,5608
2025-02-14_42_45,1649
2025-01-29_44_45,903
2025-02-26_05_47,2068
2025-01-19_26_46,3266
2025-01-20_06_47,3010
2025-01-15_47_30,1482
2025-02-08_36_37,6045
2025-01-12_36_11,1573
2025-01-13_46_45,4051
2025-01-16_48_45,2578
2025-02-21_47_43,3682
2025-01-14_04_29,923
2025-02-24_47_03,1368
2025-01-20_39_45,2395
2025-02-01_45_39,2197
2025-02-15_46_18,2104
2025-01-26_47_30,1962
2025-01-22_17_23,1211
2025-02-26_44_46,1230
2025-02-28_48_46,5637
2025-01-10_02_14,1489
2025-02-16_47_06,1566
2025-01-18_46_18,1627
2025-01-31_06_47,1226
2025-01-14_44_45,1586
2025-01-22_46_20,1114
2025-02-10_05_47,3046
2025-02-24_30_14,1241
2025-01-07_36_07,1204
2025-02-14_13_23,2130
2025-01-23_45_44,1037
2025-02-08_35_46,1799
2025-02-21_19_02,1937
2025-02-28_45_39,3665
2025-01-12_15_46,1928
2025-02-26_47_05,3255
2025-02-10_23_13,1786
2025-02-01_20_46,1646
2025-01-04_01_02,1246
2025-02-13_37_36,4674
2025-01-23_45_42,1731
2025-01-24_02_19,2605
2025-01-11_46_20,3467
2025-02-18_05_47,2233
2025-01-05_46_20,1633
2025-02-03_40_02,2787
2025-01-07_02_31,1675
2025-01-14_27_36,931
2025-02-02_40_02,3183
2025-02-28_03_47,1286
2025-01-06_03_47,1380
2025-01-30_45_09,3544
2025-01-25_40_02,2388
2025-01-15_23_13,1211
2025-01-19_48_46,9901
2025-01-15_01_02,1030
2025-01-24_02_47,2069
2025-02-09_03_45,2157
2025-02-07_19_30,1411
2025-02-12_41_36,2506
2025-01-29_46_45,2775
2025-02-17_47_08,1169
2025-02-10_47_10,1125
2025-01-31_36_22,1180
2025-02-04_26_46,1364
2025-01-22_46_15,1102
2025-01-19_05_45,4926
2025-02-24_45_03,1209
2025-02-27_45_39,2366
2025-01-06_02_40,1652
2025-01-26_02_16,1430
2025-01-19_36_41,2581
2025-02-16_02_40,2808
2025-01-01_45_05,1296
2025-01-08_41_36,2994
2025-01-14_47_45,4161
2025-01-17_11_36,1537
2025-01-07_46_18,1242
2025-02-14_45_28,4766
2025-01-22_39_45,1152
2025-02-12_46_45,3703
2025-01-22_14_30,1338
2025-01-22_08_47,1242
2025-02-28_05_47,2495
2025-02-27_19_02,1486
2025-01-12_36_22,1663
2025-01-18_05_47,6228
2025-01-03_30_02,2079
2025-02-21_45_34,3585
2025-01-03_05_45,1981
2025-01-05_36_22,2559
2025-02-21_02_19,2648
2025-01-14_46_20,1676
2025-01-05_13_23,3044
2025-01-22_35_46,1879
2025-02-10_38_36,1717
2025-02-19_45_05,1478
2025-01-27_46_09,3016
2025-01-18_09_45,3874
2025-02-11_45_42,1505
2025-01-07_46_44,1822
2025-01-16_02_21,1106
2025-01-22_46_18,1263
2025-01-20_47_28,1772
2025-01-07_45_03,2276
2025-01-15_32_19,1776
2025-01-18_16_02,1370
2025-01-13_19_30,1599
2025-02-06_45_44,1500
2025-01-26_36_41,3329
2025-02-17_46_33,942
2025-01-23_08_47,1102
2025-01-04_36_41,3949
2025-01-14_09_45,3924
2025-01-20_46_20,1313
2025-01-05_34_45,5164
2025-01-21_02_30,1774
2025-02-07_02_30,3065
2025-01-09_05_45,1408
2025-01-27_46_45,4227
2025-02-11_36_22,1182
2025-01-30_44_45,998
2025-01-10_19_32,2339
2025-02-23_23_25,1990
2025-02-25_25_23,1835
2025-02-25_47_46,1862
2025-02-09_47_06,1260
2025-01-21_46_20,1059
2025-01-17_02_14,1420
2025-01-22_45_34,1444
2025-01-08_30_02,1327
2025-02-18_46_18,1249
2025-01-29_46_47,1283
2025-01-09_02_40,1575
2025-01-06_47_30,1607
2025-01-16_02_40,1767
2025-01-04_46_26,1733
2025-01-19_46_44,2929
2025-02-06_46_47,1607
2025-01-26_21_02,1593
2025-01-19_16_02,2192
2025-01-13_09_45,3386
2025-01-04_02_24,1155
2025-02-24_45_48,1863
2025-01-22_02_16,1108
2025-02-16_02_14,1768
2025-02-15_46_09,5073
2025-02-17_02_19,1861
2025-01-13_46_33,3112
2025-01-13_27_36,1191
2025-02-25_03_47,1336
2025-02-27_06_47,1129
2025-02-14_09_46,4496
2025-02-15_36_41,3219
2025-01-24_36_12,2565
2025-02-11_20_46,2044
2025-01-18_47_43,2297
2025-01-18_48_45,2496
2025-01-05_36_27,987
2025-01-17_06_47,2962
2025-02-22_05_45,1784
2025-01-30_45_46,5188
2025-02-16_46_33,1544
2025-01-18_02_24,1087
2025-02-11_45_48,1271
2025-01-01_45_03,1431
2025-01-28_36_11,1525
2025-02-18_19_30,1893
2025-02-06_09_45,2432
2025-02-09_26_46,2966
2025-02-27_47_43,2422
2025-01-22_02_24,971
2025-01-21_30_02,1658
2025-02-24_25_23,1969
2025-01-05_36_11,1762
2025-01-27_04_29,1124
2025-02-27_46_18,1852
2025-01-09_45_28,4519
2025-01-03_36_37,397
2025-01-23_45_48,1854
2025-01-31_47_05,3840
2025-02-09_06_47,2285
2025-01-25_47_46,1762
2025-02-02_02_14,1553
2025-01-01_48_46,7751
2025-02-04_11_36,2093
2025-01-21_36_27,1085
2025-02-13_02_40,2611
2025-01-21_46_45,3585
2025-02-24_43_47,2209
2025-01-25_02_01,1299
2025-02-25_48_45,1276
2025-01-26_47_46,1790
2025-01-14_02_16,943
2025-01-20_19_32,2201
2025-02-13_23_25,2095
2025-01-20_12_36,1876
2025-01-29_47_43,1589
2025-02-21_47_46,2522
2025-02-03_37_36,5258
2025-02-02_47_43,1988
2025-01-04_47_28,2291
2025-02-18_36_37,5262
2025-02-14_47_45,4821
2025-01-08_02_21,1042
2025-02-22_45_46,4055
2025-02-06_30_14,1774
2025-02-16_47_43,2489
2025-01-16_23_25,1296
2025-01-27_44_46,2164
2025-01-07_05_47,1828
2025-02-14_45_03,2160
2025-01-07_46_20,1277
2025-02-25_27_36,1552
2025-01-31_47_43,2652
2025-01-23_34_45,1126
2025-02-15_44_45,1237
2025-01-28_02_16,1141
2025-01-30_36_12,1769
2025-02-28_46_18,2655
2025-01-21_02_14,1034
2025-01-15_02_01,1096
2025-02-14_08_47,1560
2025-01-25_36_12,2202
2025-01-03_15_46,2091
2025-01-06_22_36,1217
2025-01-29_19_32,1938
2025-02-02_35_46,5189
2025-02-17_02_40,2320
2025-01-17_28_47,1887
2025-01-22_20_46,1269
2025-01-29_02_31,2264
2025-01-11_45_46,5052
2025-01-15_03_47,3504
2025-01-29_45_03,1207
2025-02-26_47_46,1664
2025-01-31_44_46,2183
2025-01-16_02_16,1238
2025-02-22_14_30,2196
2025-02-09_41_36,3437
2025-01-03_04_29,1257
2025-01-11_19_32,2189
2025-02-04_22_36,1212
2025-01-22_32_19,1785
2025-01-16_06_47,3599
2025-02-16_36_41,2757
2025-01-17_25_23,1372
2025-02-19_44_45,1060
2025-01-21_31_02,1872
2025-02-17_47_10,979
2025-01-27_36_37,2804
2025-02-04_47_30,1506
2025-02-25_46_26,1495
2025-02-13_20_46,1218
2025-01-16_17_23,1143
2025-01-18_05_45,3532
2025-02-21_46_45,5101
2025-01-18_02_30,3511
2025-01-05_02_24,1146
2025-02-19_05_47,2019
2025-02-12_45_48,1599
2025-01-06_46_18,1100
2025-02-22_25_23,2181
2025-01-04_45_09,2946
2025-01-30_47_10,1053
2025-01-06_23_25,1151
2025-01-02_34_45,4379
2025-02-17_30_02,1824
2025-02-05_30_02,1583
2025-02-18_27_36,1562
2025-01-21_01_02,1209
2025-01-25_16_02,1469
2025-01-07_36_11,1579
2025-01-02_47_28,1745
2025-01-20_30_14,1175
2025-01-10_26_46,1862
2025-01-02_45_05,1427
2025-01-06_30_02,1650
2025-02-05_47_02,1544
2025-02-17_31_02,2472
2025-02-08_02_16,1545
2025-01-07_17_23,1535
2025-01-26_47_08,1255
2025-02-15_23_13,2324
2025-01-12_02_01,1231
2025-02-28_44_45,1308
2025-02-13_48_46,3319
2025-01-06_46_47,1535
2025-01-28_45_03,1084
2025-01-04_45_42,1603
2025-02-20_45_28,3843
2025-02-06_07_36,1688
2025-01-16_36_22,979
2025-02-20_45_05,2076
2025-01-13_45_42,1379
2025-02-19_46_35,1515
2025-02-13_46_47,2147
2025-02-01_45_47,4519
2025-02-20_47_03,1799
2025-01-27_41_36,3125
2025-01-23_02_47,1438
2025-02-01_46_47,1913
2025-01-28_45_09,2544
2025-01-10_02_16,1591
2025-02-14_11_36,2426
2025-01-17_22_36,1153
2025-01-06_36_41,3388
2025-02-06_02_14,1322
2025-02-21_45_48,2955
2025-02-28_31_02,1777
2025-02-05_16_02,1276
2025-01-25_46_18,1478
2025-02-22_03_45,1213
2025-01-17_36_07,1959
2025-02-04_05_47,2404
2025-01-03_46_44,2582
2025-02-11_02_01,1338
2025-01-15_31_02,1977
2025-02-26_02_47,1727
2025-01-21_06_47,1388
2025-02-04_02_14,1199
2025-01-07_45_48,1103
2025-02-21_45_09,4923
2025-02-03_34_45,2382
2025-01-29_35_46,1403
2025-01-14_46_15,1130
2025-01-14_36_07,1311
2025-02-15_47_10,1485
2025-01-09_30_02,1248
2025-01-20_45_28,1374
2025-01-01_45_39,1874
2025-02-15_43_47,2385
2025-01-17_44_45,1405
2025-01-01_33_46,2475
2025-01-12_44_45,1623
2025-02-14_47_28,3828
2025-01-29_45_46,3833
2025-01-30_19_32,2051
2025-01-08_46_45,3243
2025-02-17_47_46,1909
2025-01-05_12_36,3062
2025-01-10_14_30,1423
2025-01-10_15_46,1464
2025-01-17_47_30,2351
2025-01-09_06_47,1282
2025-02-16_04_29,1388
2025-01-09_44_46,1468
2025-02-06_02_19,2219
2025-02-22_36_07,2127
2025-01-22_09_46,3740
2025-01-31_45_05,2388
2025-01-21_46_44,1593
2025-01-25_02_24,1125
2025-01-15_39_45,1676
2025-01-18_06_47,3835
2025-02-09_45_09,3646
2025-02-09_17_23,1755
2025-01-14_46_18,1839
2025-02-20_47_30,1690
2025-01-10_47_03,4888
2025-02-10_14_30,2125
2025-01-21_46_15,921
2025-01-03_45_28,3215
2025-01-15_46_44,2242
2025-02-22_37_36,5233
2025-01-02_47_03,1829
2025-01-03_46_45,3791
2025-02-23_39_45,3238
2025-02-14_27_36,1656
2025-02-06_02_21,1304
2025-02-11_02_16,1394
2025-01-08_40_02,1610
2025-01-21_42_45,1334
2025-02-09_35_46,4230
2025-02-23_35_46,4576
2025-01-22_38_36,844
2025-01-01_36_37,206
2025-02-20_28_47,1551
2025-02-20_45_39,2493
2025-01-23_46_18,1547
2025-01-26_36_37,1395
2025-02-01_14_30,1400
2025-02-23_05_45,2945
2025-02-19_46_15,1207
2025-01-18_46_20,1984
2025-01-17_02_47,1871
2025-01-21_03_45,2268
2025-01-04_45_48,1538
2025-02-10_27_36,1947
2025-01-16_46_35,2486
2025-01-23_31_02,1844
2025-02-22_46_47,1920
2025-01-17_43_47,4132
2025-02-11_41_36,2341
2025-02-06_45_42,1865
2025-02-01_45_09,3950
2025-01-09_34_45,1273
2025-02-03_27_36,1851
2025-01-09_32_19,1733
2025-02-17_46_18,1271
2025-02-16_35_46,5546
2025-02-12_22_36,1423
2025-01-05_46_44,3219
2025-01-03_23_13,1780
2025-02-06_13_23,1937
2025-02-07_02_19,2669
2025-02-04_36_22,1192
2025-02-22_36_22,1812
2025-01-25_20_46,1309
2025-01-12_14_30,2727
2025-01-27_26_46,1967
2025-02-17_47_06,1192
2025-01-14_37_36,1242
2025-01-23_13_23,2027
2025-01-25_46_44,2944
2025-01-09_12_36,1298
2025-01-06_37_36,70
2025-01-13_46_35,5536
2025-02-07_12_36,2166
2025-02-14_45_39,3789
2025-01-09_13_23,1705
2025-02-26_44_45,1022
2025-01-29_36_11,1454
2025-02-11_46_18,1600
2025-02-02_42_45,3097
2025-02-15_21_02,1331
2025-02-16_27_36,2614
2025-02-27_47_03,1575
2025-01-19_31_02,3250
2025-01-13_36_12,1847
2025-01-03_02_47,2154
2025-01-16_19_32,2072
2025-01-17_05_47,4788
2025-02-07_45_48,2958
2025-02-12_36_12,1763
2025-01-02_27_36,1478
2025-02-12_46_35,1723
2025-02-10_44_46,3558
2025-01-25_06_47,1253
2025-01-25_48_45,1546
2025-01-24_15_46,1187
2025-02-03_45_39,1203
2025-02-24_18_46,2100
2025-01-11_36_27,941
2025-02-06_36_37,4989
2025-01-27_09_45,3304
2025-02-25_02_30,1700
2025-02-12_19_32,2125
2025-02-19_45_09,3061
2025-01-21_05_45,2594
2025-02-18_02_47,1767
2025-02-25_47_10,1511
2025-01-06_47_28,1413
2025-01-29_46_35,1836
2025-01-09_46_20,2301
2025-02-06_23_13,1526
2025-01-11_20_46,1186
2025-01-04_31_02,2380
2025-01-09_28_47,1615
2025-02-25_19_30,1497
2025-01-25_45_46,4174
2025-02-11_34_45,1696
2025-02-02_36_22,1808
2025-01-19_44_45,3042
2025-02-10_09_46,5712
2025-02-03_47_28,1437
2025-02-20_45_34,2377
2025-02-07_09_45,3905
2025-02-28_02_24,1800
2025-02-01_46_18,2042
2025-02-07_47_03,2511
2025-02-16_05_45,3115
2025-02-19_45_48,1535
2025-02-04_34_45,1406
2025-02-20_35_46,1832
2025-02-28_46_48,7015
2025-02-02_02_30,3498
2025-01-31_48_45,1822
2025-01-19_02_40,2123
2025-02-10_26_46,2000
2025-01-30_02_40,2224
2025-02-03_36_41,3476
2025-01-12_47_05,7661
2025-01-23_22_36,983
2025-02-11_45_34,1310
2025-02-20_47_28,3002
2025-01-14_39_45,2098
2025-01-15_47_05,3124
2025-02-06_26_46,1298
2025-01-16_44_46,5034
2025-02-08_39_45,1843
2025-02-28_48_45,1700
2025-02-05_19_30,1776
2025-02-13_46_45,4398
2025-01-26_08_47,1696
2025-01-02_15_46,2873
2025-01-04_44_46,2119
2025-01-02_07_36,3046
2025-02-23_46_35,2246
2025-02-20_46_33,1002
2025-02-19_45_44,1103
2025-01-07_19_02,1730
2025-01-26_45_48,1248
2025-02-26_23_25,1709
2025-02-16_46_45,6353
2025-01-17_46_47,1459
2025-01-21_03_47,1776
2025-01-20_47_03,1310
2025-01-16_08_47,3333
2025-02-26_01_02,1222
2025-01-16_03_47,2868
2025-02-01_46_15,2322
2025-02-15_46_35,3044
2025-01-10_45_48,3185
2025-02-24_03_47,1445
2025-02-07_36_07,2405
2025-02-14_46_26,1918
2025-02-12_38_36,1561
2025-01-31_39_45,1292
2025-01-18_23_13,1787
2025-01-05_46_15,1248
2025-01-18_47_46,2445
2025-01-11_02_21,1556
2025-01-07_19_32,2057
2025-02-21_48_45,1531
2025-01-27_28_45,2384
2025-02-17_23_13,1858
2025-01-16_09_46,6068
2025-02-24_46_18,1827
2025-01-14_48_45,2523
2025-02-26_36_11,2076
2025-02-15_47_05,4026
2025-02-12_05_45,1684
2025-01-24_18_46,1689
2025-02-21_47_06,1798
2025-02-17_12_36,2066
2025-01-30_25_23,921
2025-02-22_39_45,1997
2025-01-25_43_47,2313
2025-02-18_45_05,1519
2025-02-25_38_36,1641
2025-01-30_47_45,3885
2025-01-30_07_36,1205
2025-02-03_13_23,2358
2025-01-27_09_46,4348
2025-01-20_47_46,1897
2025-02-13_02_01,1414
2025-02-20_47_45,4329
2025-02-01_07_36,1593
2025-01-19_02_24,1165
2025-02-14_47_43,4113
2025-01-20_47_05,2187
2025-01-16_45_48,1700
2025-01-26_48_46,5945
2025-02-09_36_11,2635
2025-01-12_48_45,2199
2025-01-24_45_28,4321
2025-02-05_47_45,3349
2025-01-05_45_34,2156
2025-02-23_46_45,5759
2025-02-28_02_19,2490
2025-02-19_37_36,3576
2025-01-09_45_05,3706
2025-01-01_46_20,1132
2025-01-06_21_02,1234
2025-01-12_02_40,2210
2025-01-24_26_46,1756
2025-02-14_45_05,2793
2025-02-13_42_45,1367
2025-01-02_44_46,2477
2025-02-10_05_45,2090
2025-02-23_17_23,1962
2025-02-15_45_34,1977
2025-01-09_45_48,2578
2025-01-02_46_47,1726
2025-01-22_45_03,1230
2025-01-25_45_34,1858
2025-01-15_45_48,1651
2025-01-02_23_13,1810
2025-01-25_09_45,3340
2025-02-09_23_25,1715
2025-02-27_08_47,1232
2025-02-14_12_36,2153
2025-02-06_36_41,3229
2025-02-14_05_45,1646
2025-01-29_47_08,1043
2025-01-21_47_46,1424
2025-02-25_28_45,1578
2025-02-08_45_34,2533
2025-01-26_45_47,3669
2025-01-26_01_02,1528
2025-02-24_11_36,2774
2025-01-28_19_30,1189
2025-02-15_39_45,1793
2025-01-13_18_46,1716
2025-02-16_32_19,2481
2025-01-07_34_45,2081
2025-02-24_46_09,3898
2025-02-01_02_21,1545
2025-02-19_36_41,3254
2025-01-23_47_43,1575
2025-01-31_26_46,2159
2025-02-27_47_46,1663
2025-01-07_47_08,1325
2025-01-15_44_45,2215
2025-02-27_12_36,1598
2025-01-21_18_46,2239
2025-02-13_03_47,1517
2025-01-13_46_09,6135
2025-01-06_30_14,964
2025-01-28_39_45,1383
2025-02-10_45_05,1477
2025-01-25_46_48,4038
2025-02-24_16_02,1472
2025-01-20_46_47,1872
2025-01-30_02_31,2892
2025-01-30_48_45,1337
2025-01-24_45_47,5012
2025-01-03_16_02,1384
2025-02-26_21_02,978
2025-01-06_36_27,710
2025-02-11_38_36,1392
2025-01-30_20_46,1154
2025-01-18_20_46,2903
2025-01-21_40_02,2228
2025-01-21_09_46,5056
2025-02-10_02_16,1531
2025-02-08_45_28,2966
2025-02-25_47_05,4024
2025-02-24_47_08,1384
2025-01-19_27_36,1495
2025-02-20_46_47,1830
2025-02-26_07_36,1297
2025-01-22_02_30,1939
2025-02-09_28_47,3543
2025-02-09_21_02,2091
2025-01-07_42_45,1423
2025-01-17_23_13,1467
2025-01-04_35_46,2463
2025-01-03_47_46,2285
2025-01-26_46_44,2399
2025-02-06_08_47,1132
2025-02-13_01_02,1084
2025-02-20_02_14,1424
2025-02-20_02_40,2741
2025-02-06_46_15,1826
2025-01-25_02_14,1512
2025-02-28_33_46,1290
2025-01-11_21_02,1027
2025-02-16_47_02,2835
2025-02-07_02_14,1701
2025-02-08_07_36,2075
2025-01-13_21_02,1185
2025-02-25_47_08,1322
2025-02-08_01_02,1245
2025-01-16_46_47,1420
2025-01-20_33_46,2562
2025-01-16_47_08,1287
2025-02-12_07_36,1497
2025-01-07_37_36,0
2025-01-22_48_46,3575
2025-02-26_46_18,1966
2025-02-01_46_45,4189
2025-01-19_47_45,5782
2025-02-05_39_45,1581
2025-02-12_16_02,1242
2025-01-18_12_36,1990
2025-01-02_21_02,1219
2025-02-10_47_45,4684
2025-02-13_34_45,1572
2025-02-21_45_03,2136
2025-01-19_47_02,2607
2025-02-17_47_43,1587
2025-02-23_46_20,1993
2025-01-06_46_15,961
2025-02-01_30_14,1489
2025-01-03_26_46,1658
2025-01-24_45_39,3606
2025-02-23_36_07,2437
2025-01-10_37_36,302
2025-02-21_39_45,1667
2025-01-20_36_27,944
2025-02-02_47_05,3000
2025-02-24_47_10,1136
2025-01-19_46_18,1795
2025-01-08_19_02,1535
2025-02-23_47_30,2430
2025-01-11_02_40,2460
2025-01-06_36_07,1391
2025-02-20_45_03,1780
2025-01-14_40_02,1757
2025-02-01_02_31,1832
2025-02-12_02_24,1031
2025-01-02_40_02,2494
2025-01-30_23_25,712
2025-01-07_02_40,1490
2025-02-20_03_45,1268
2025-01-03_47_08,1505
2025-01-30_45_47,4858
2025-01-08_32_19,1860
2025-01-08_45_48,1854
2025-01-28_33_46,848
2025-02-28_47_45,4821
2025-02-16_45_46,6331
2025-01-15_38_36,810
2025-02-02_23_13,1948
2025-01-03_44_45,1140
2025-01-13_36_41,3744
2025-02-13_48_45,1341
2025-01-18_45_42,1719
2025-02-10_46_45,4983
2025-01-30_45_48,2665
2025-01-12_48_46,4429
2025-02-24_47_43,1709
2025-02-12_32_19,1633
2025-02-19_02_47,1935
2025-02-11_45_09,2610
2025-01-01_47_05,2811
2025-02-12_04_29,1075
2025-01-16_03_45,2928
2025-01-24_45_34,3262
2025-02-28_30_02,2161
2025-01-05_40_02,3603
2025-01-23_07_36,1406
2025-02-13_14_30,1308
2025-02-06_32_19,1706
2025-02-13_25_23,1186
2025-02-19_25_23,1761
2025-01-20_25_23,1368
2025-02-18_28_45,2150
2025-01-31_17_23,1162
2025-02-10_47_30,1759
2025-01-24_08_47,1359
2025-02-01_46_44,4413
2025-02-18_46_33,1021
2025-02-05_47_03,1471
2025-01-05_47_45,6343
2025-01-03_09_46,4431
2025-02-15_01_02,1229
2025-01-30_15_46,1125
2025-01-10_09_46,5710
2025-02-24_47_02,1997
2025-01-10_46_45,4002
2025-02-25_02_31,2210
2025-01-20_05_47,5250
2025-01-04_03_47,1527
2025-02-02_04_29,1405
2025-01-25_28_47,1571
2025-02-04_36_37,3205
2025-02-08_18_46,1965
2025-01-07_46_15,878
2025-01-02_45_03,1436
2025-02-14_14_30,1689
2025-02-21_20_46,1499
2025-01-22_21_02,965
2025-01-22_19_32,1974
2025-01-23_36_37,1040
2025-02-11_48_46,4982
2025-02-02_45_05,1246
2025-01-08_22_36,1095
2025-02-07_25_23,1411
2025-02-23_01_02,1846
2025-01-07_47_30,1346
2025-02-02_25_23,1392
2025-02-09_05_47,5102
2025-02-15_47_28,3365
2025-02-22_42_45,1605
2025-02-10_37_36,4438
2025-01-14_35_46,3122
2025-02-14_30_02,2238
2025-02-09_48_46,6910
2025-01-23_39_45,1261
2025-01-27_05_47,2700
2025-01-06_05_45,1978
2025-02-21_14_30,1864
2025-02-19_41_36,2286
2025-02-23_12_36,3456
2025-01-29_43_47,1516
2025-02-09_36_07,2066
2025-02-04_19_30,1882
2025-02-16_40_02,3239
2025-02-24_09_45,3350
2025-01-11_03_45,1810
2025-01-09_47_06,3381
2025-01-28_47_08,934
2025-02-23_38_36,2974
2025-02-28_22_36,1499
2025-02-04_41_36,2804
2025-02-17_18_46,1780
2025-02-09_45_03,1434
2025-01-02_47_30,1862
2025-01-06_04_29,1154
2025-01-17_26_46,1571
2025-01-15_36_41,4204
2025-02-13_02_21,1459
2025-02-10_31_02,2433
2025-02-22_46_35,2901
2025-01-07_23_13,1204
2025-02-25_02_21,1242
2025-02-22_07_36,1766
2025-01-01_47_02,2297
2025-01-14_45_34,960
2025-02-15_45_05,1870
2025-01-02_47_06,1458
2025-02-08_14_30,2068
2025-01-02_46_18,1286
2025-02-09_14_30,3185
2025-02-08_28_45,2101
2025-01-26_47_03,1314
2025-02-04_44_46,1925
2025-01-17_47_02,1774
2025-02-03_11_36,2466
2025-01-12_18_46,2072
2025-01-31_45_09,4761
2025-02-01_32_19,1891
2025-01-26_40_02,2979
2025-02-24_02_14,1096
2025-01-11_13_23,1968
2025-02-15_45_09,3369
2025-01-04_48_45,2467
2025-01-01_23_13,1577
2025-01-23_36_27,984
2025-01-27_37_36,1057
2025-01-03_36_22,1366
2025-02-21_44_45,1104
2025-02-23_46_33,1917
2025-01-30_28_45,1803
2025-01-19_45_48,1991
2025-01-03_18_46,1839
2025-01-31_36_12,2575
2025-01-18_35_46,4728
2025-02-18_45_34,1204
2025-01-17_31_02,1703
2025-02-11_36_41,2926
2025-02-23_41_36,3917
2025-01-17_02_40,2603
2025-01-24_45_05,1958
2025-02-17_15_46,1634
2025-02-20_11_36,2179
2025-01-11_09_45,3225
2025-02-27_45_46,4250
2025-01-21_46_35,1276
2025-02-09_47_30,2297
2025-01-18_46_48,5051
2025-01-22_13_23,1726
2025-01-23_11_36,1561
2025-02-28_46_35,4787
2025-01-11_45_48,3420
2025-01-30_36_07,1698
2025-02-08_41_36,2988
2025-02-27_09_46,5084
2025-02-09_02_16,1569
2025-01-19_36_07,1795
2025-02-28_12_36,2448
2025-01-28_47_43,1529
2025-02-23_28_45,3867
2025-02-27_45_48,2760
2025-02-16_02_19,2205
2025-02-18_02_24,1207
2025-02-26_45_48,2222
2025-01-07_02_30,1596
2025-02-14_46_44,4066
2025-01-09_45_09,3747
2025-01-28_48_46,2319
2025-02-20_02_30,2098
2025-02-12_31_02,1437
2025-02-18_36_07,1378
2025-02-05_36_37,4433
2025-01-13_45_46,4499
2025-02-14_23_25,2001
2025-01-12_05_47,4348
2025-01-06_28_45,1726
2025-01-28_27_36,1168
2025-02-06_37_36,2622
2025-01-15_45_05,1881
2025-01-27_38_36,1237
2025-02-20_36_12,2046
2025-01-03_46_26,1611
2025-01-25_39_45,1844
2025-01-06_02_47,1795
2025-02-10_45_03,1266
2025-02-28_46_20,2597
2025-01-27_02_21,1279
2025-02-07_45_05,2572
2025-01-16_05_45,2719
2025-01-07_47_02,1227
2025-01-04_23_13,2132
2025-02-17_26_46,1770
2025-01-24_43_47,2021
2025-01-21_17_23,1105
2025-01-08_46_35,2920
2025-02-25_32_19,1502
2025-02-28_15_46,1382
2025-02-17_07_36,1689
2025-02-05_46_18,1496
2025-01-12_38_36,1309
2025-01-09_22_36,945
2025-01-21_30_14,1280
2025-02-14_47_06,2145
2025-02-19_28_47,1459
2025-01-27_13_23,3154
2025-02-10_20_46,2213
2025-01-27_11_36,1875
2025-02-19_46_26,1329
2025-02-03_36_11,1980
2025-01-28_46_44,1427
2025-01-10_36_07,2156
2025-01-18_42_45,1444
2025-02-10_46_18,1700
2025-01-24_17_23,1173
2025-02-07_03_45,1409
2025-01-04_25_23,3762
2025-02-07_45_39,3449
2025-01-21_37_36,216
2025-02-22_02_21,1645
2025-02-28_27_36,1874
2025-01-03_47_28,2432
2025-01-23_02_21,1139
2025-02-04_04_29,1020
2025-02-01_47_28,2435
2025-01-26_47_28,1785
2025-01-21_45_44,840
2025-01-05_45_39,1723
2025-01-06_38_36,1095
2025-02-27_30_02,1538
2025-01-13_43_47,2125
2025-02-28_02_31,3184
2025-02-02_23_25,1102
2025-01-11_12_36,1856
2025-01-02_09_46,5048
2025-01-10_02_21,1418
2025-02-07_45_28,4680
2025-01-14_02_24,724
2025-02-24_46_45,4398
2025-02-08_08_47,1372
2025-02-24_19_30,2023
2025-01-26_39_45,3219
2025-01-20_23_13,1593
2025-02-08_46_33,2369
2025-02-08_47_10,1407
2025-01-11_47_28,4741
2025-02-08_36_41,3840
2025-02-10_23_25,1462
2025-01-09_05_47,1998
2025-02-28_35_46,1978
2025-02-19_40_02,2216
2025-01-11_46_35,6526
2025-01-13_02_31,1155
2025-02-24_46_44,1676
2025-01-13_47_05,4944
2025-02-11_47_08,1261
2025-01-25_18_46,1971
2025-01-07_02_19,1481
2025-01-22_05_45,1861
2025-01-06_36_11,1499
2025-01-23_48_46,3133
2025-01-05_45_48,1314
2025-01-03_03_47,1396
2025-02-05_03_47,1251
2025-02-27_40_02,1939
2025-01-21_14_30,1366
2025-01-25_46_26,1717
2025-01-03_46_09,4263
2025-02-16_02_01,1449
2025-02-24_19_32,2139
2025-02-25_47_43,2008
2025-01-24_27_36,1143
2025-01-10_02_01,1296
2025-02-15_31_02,1930
2025-01-15_02_40,1955
2025-01-10_47_05,10757
2025-01-04_02_16,1484
2025-02-05_40_02,2317
2025-02-14_47_08,2003
2025-02-27_47_28,2725
2025-01-20_47_45,4444
2025-01-22_05_47,2457
2025-01-20_02_01,1109
2025-01-04_14_30,1749
2025-02-03_20_46,2208
2025-01-12_36_37,1933
2025-02-25_19_02,1904
2025-02-04_45_44,1019
2025-01-15_45_46,4126
2025-01-31_03_45,1307
2025-02-27_48_45,2120
2025-01-02_36_11,1567
2025-01-12_11_36,1978
2025-02-15_37_36,5513
2025-02-10_45_47,3973
2025-01-12_19_30,1789
2025-02-09_36_37,5751
2025-02-25_44_45,1038
2025-01-28_47_46,1634
2025-01-29_02_16,1176
2025-01-11_35_46,2173
2025-01-09_03_45,1230
2025-01-28_02_40,1849
2025-02-09_02_47,2536
2025-01-16_38_36,738
2025-01-11_44_45,1012
2025-02-01_36_37,5825
2025-01-24_02_16,1579
2025-01-30_46_35,2391
2025-02-19_45_03,1355
2025-02-27_46_09,4825
2025-01-09_47_10,2630
2025-01-30_11_36,1622
2025-02-24_48_46,4124
2025-01-12_01_02,1361
2025-01-25_23_25,1509
2025-01-30_46_45,3420
2025-01-14_05_47,4477
2025-02-22_19_30,1795
2025-01-17_35_46,3655
2025-02-21_09_45,3226
2025-02-01_02_16,1490
2025-02-28_41_36,2602
2025-02-13_30_02,1466
2025-02-12_28_47,2122
2025-01-08_47_43,4742
2025-01-06_47_05,2636
2025-01-01_45_46,5874
2025-01-05_41_36,4326
2025-01-05_46_48,4217
2025-02-15_30_02,2845
2025-01-22_26_46,1367
2025-01-13_19_02,1677
2025-01-05_47_10,1738
2025-02-12_45_05,1687
2025-02-06_47_28,2911
2025-02-28_47_43,3292
2025-01-22_02_19,1826
2025-01-13_45_03,1654
2025-02-21_03_45,1301
2025-02-04_08_47,1135
2025-01-01_47_46,2312
2025-02-02_45_46,6300
2025-02-27_47_45,4002
2025-01-26_17_23,1501
2025-02-23_04_29,1274
2025-01-18_45_44,1499
2025-01-15_45_09,2798
2025-01-18_36_07,2229
2025-01-15_46_18,1357
2025-01-19_47_06,1339
2025-02-11_47_30,1402
2025-02-01_28_45,1795
2025-01-24_31_02,1561
2025-02-14_30_14,2296
2025-01-30_36_11,1717
2025-01-07_02_01,987
2025-02-09_30_02,3097
2025-02-02_11_36,2594
2025-01-04_47_43,2451
2025-01-05_16_02,2173
2025-01-01_11_36,2175
2025-01-11_26_46,2105
2025-01-24_01_02,1152
2025-02-22_28_45,2227
2025-01-09_31_02,1612
2025-02-03_38_36,1757
2025-01-29_47_28,2232
2025-01-27_02_14,1162
2025-02-23_06_47,2290
2025-02-04_07_36,1470
2025-02-13_33_46,837
2025-02-18_23_13,1411
2025-02-20_41_36,2123
2025-01-17_45_34,2839
2025-02-04_46_45,3948
2025-02-26_02_21,1224
2025-02-05_02_14,1335
2025-02-26_47_45,3785
2025-01-14_05_45,2250
2025-01-19_33_46,4168
2025-01-31_47_03,1730
2025-02-22_46_18,1788
2025-01-03_30_14,1570
2025-02-11_43_47,1630
2025-02-17_36_37,5413
2025-01-10_21_02,936
2025-01-25_02_30,2952
2025-01-22_30_14,892
2025-01-16_18_46,3847
2025-01-15_47_45,4279
2025-02-28_45_42,2750
2025-01-26_45_34,1054
2025-02-24_28_45,2568
2025-01-16_36_37,640
2025-02-25_18_46,1251
2025-01-31_12_36,2584
2025-02-14_38_36,1722
2025-02-25_36_22,1392
2025-02-15_46_26,1975
2025-02-02_13_23,2651
2025-02-03_48_46,6091
2025-02-03_18_46,2599
2025-01-24_40_02,2445
2025-01-19_02_31,1563
2025-01-29_47_06,1167
2025-01-25_42_45,1396
2025-02-22_36_27,1908
2025-02-18_42_45,1467
2025-01-26_02_24,1020
2025-01-12_46_47,1794
2025-01-24_47_02,2096
2025-02-13_46_35,2763
2025-02-03_09_46,5824
2025-01-26_36_27,669
2025-02-20_32_19,1638
2025-02-26_48_46,4273
2025-02-12_23_13,1555
2025-02-09_15_46,2605
2025-02-19_31_02,1739
2025-01-18_41_36,3724
2025-02-02_46_20,1916
2025-01-20_45_03,1141
2025-02-22_22_36,1912
2025-01-30_35_46,1616
2025-02-01_30_02,2446
2025-01-05_31_02,3216
2025-01-21_47_02,1276
2025-02-22_08_47,1640
2025-01-13_44_46,2322
2025-01-28_36_27,988
2025-02-25_22_36,1198
2025-01-26_45_03,1118
2025-02-22_45_34,2377
2025-02-14_36_11,3649
2025-02-09_19_02,2821
2025-01-11_46_09,7511
2025-01-29_47_02,1294
2025-02-02_45_39,1896
2025-01-13_17_23,1376
2025-02-21_47_02,2255
2025-01-12_36_12,1745
2025-02-07_17_23,1257
2025-02-10_19_30,1887
2025-02-09_22_36,2150
2025-01-05_07_36,2653
2025-02-20_43_47,1831
2025-01-13_30_02,1884
2025-02-26_45_05,1519
2025-01-19_45_05,1421
2025-02-12_36_27,1899
2025-02-01_45_05,1263
2025-02-06_44_45,1082
2025-02-07_05_47,2858
2025-02-22_36_11,3234
2025-01-13_46_18,3184
2025-01-27_25_23,1767
2025-02-25_12_36,1604
2025-02-18_37_36,4127
2025-02-01_02_47,1804
2025-02-13_26_46,1449
2025-01-09_46_45,3182
2025-01-07_09_46,3265
2025-01-26_36_12,2050
2025-01-30_45_39,2523
2025-01-23_02_30,1633
2025-02-04_45_05,1553
2025-01-06_25_23,1433
2025-02-07_45_09,4527
2025-01-23_47_03,1178
2025-01-01_04_29,1301
2025-01-17_46_33,1277
2025-01-08_28_45,1275
2025-02-24_47_45,3962
2025-01-30_46_09,4833
2025-02-03_46_48,3172
2025-01-14_46_47,1604
2025-01-29_30_14,1196
2025-01-25_02_16,1519
2025-01-04_22_36,1425
2025-01-28_23_25,785
2025-02-12_46_26,1397
2025-02-19_09_45,2875
2025-02-04_47_43,1987
2025-01-30_47_05,2263
2025-02-03_47_46,1835
2025-01-31_36_07,1914
2025-01-23_23_13,2122
2025-01-10_28_47,2523
2025-02-13_46_26,1345
2025-01-30_34_45,1236
2025-01-12_46_45,4207
2025-02-12_42_45,1328
2025-01-23_46_15,1298
2025-02-09_19_32,2653
2025-01-19_36_12,2021
2025-02-11_25_23,1722
2025-01-28_47_45,3053
2025-02-18_45_48,1577
2025-01-19_46_48,4413
2025-02-06_40_02,1893
2025-02-06_05_47,2412
2025-02-05_09_45,2826
2025-01-24_47_46,2337
2025-01-21_47_28,1334
2025-01-22_37_36,299
2025-02-06_47_05,3352
2025-02-27_46_33,915
2025-01-01_19_02,2928
2025-02-12_46_15,1155
2025-01-27_45_34,1052
2025-02-04_47_08,1169
2025-02-17_19_30,1694
2025-02-12_01_02,1117
2025-02-11_37_36,3348
2025-01-12_02_30,3024
2025-01-05_47_06,1782
2025-01-04_05_47,2598
2025-01-15_45_47,3937
2025-01-04_46_33,1287
2025-02-15_08_47,1751
2025-02-28_36_27,2666
2025-02-08_03_45,1692
2025-02-05_47_43,2637
2025-01-05_32_19,2508
2025-02-17_40_02,2580
2025-02-21_09_46,4722
2025-01-29_17_23,1026
2025-02-10_45_44,1142
2025-01-07_16_02,1137
2025-02-25_46_15,1291
2025-02-26_02_31,2098
2025-01-12_03_47,2096
2025-02-26_02_16,1400
2025-01-15_46_45,4185
2025-02-13_44_46,1833
2025-01-30_46_15,1990
2025-02-01_47_43,1857
2025-02-24_07_36,1777
2025-02-22_05_47,2524
2025-02-08_02_21,1539
2025-01-01_03_45,2447
2025-02-12_02_47,1626
2025-01-09_30_14,1301
2025-01-15_36_22,1010
2025-02-28_36_12,2191
2025-01-20_45_46,4173
2025-01-18_47_03,1557
2025-01-25_01_02,1149
2025-01-28_01_02,1096
2025-01-08_45_46,3651
2025-02-17_46_48,2543
2025-01-08_47_06,2926
2025-01-30_05_47,1975
2025-02-12_45_03,1634
2025-02-03_36_07,1630
2025-02-22_46_26,1819
2025-01-22_11_36,1540
2025-01-16_36_27,936
2025-02-01_22_36,1457
2025-02-18_33_46,1171
2025-01-29_46_18,1373
2025-01-19_09_45,5076
2025-01-29_02_47,1727
2025-01-06_47_08,1088
2025-02-19_02_16,1381
2025-02-21_46_20,2035
2025-01-11_31_02,2079
2025-02-10_28_45,2647
2025-02-25_31_02,1977
2025-02-17_35_46,2901
2025-02-27_43_47,1650
2025-02-23_23_13,2453
2025-01-03_31_02,2316
2025-01-14_47_02,1157
2025-01-21_12_36,1449
2025-01-01_40_02,3018
2025-02-23_28_47,3487
2025-01-02_46_09,4136
2025-01-05_36_07,2165
2025-02-10_46_33,1248
2025-01-01_36_41,3992
2025-02-04_38_36,1586
2025-02-21_47_03,2776
2025-01-18_45_28,2501
2025-01-18_25_23,1544
2025-02-02_28_45,3770
2025-02-23_02_21,1490
2025-02-17_25_23,1510
2025-02-25_45_48,3199
2025-02-03_21_02,1385
2025-01-02_19_02,2169
2025-01-25_35_46,2009
2025-02-13_18_46,1246
2025-01-07_45_39,1118
2025-02-09_47_02,2391
2025-01-28_41_36,3082
2025-02-21_02_16,1723
2025-02-11_46_09,3765
2025-02-28_07_36,2021
2025-02-19_45_42,1660
2025-01-25_19_02,2237
2025-01-26_46_26,1670
2025-01-01_47_45,6141
2025-02-11_02_47,1506
2025-02-17_43_47,2633
2025-01-24_47_45,4288
2025-01-24_47_08,1537
2025-01-24_28_45,1389
2025-02-26_46_48,5973
2025-01-12_47_45,4619
2025-01-11_46_26,2543
2025-02-21_11_36,2360
2025-01-05_47_05,3528
2025-01-18_02_19,2121
2025-01-24_45_09,4246
2025-01-05_02_47,2950
2025-01-25_48_46,3938
2025-02-24_08_47,1502
2025-02-05_06_47,1285
2025-02-18_44_46,1938
2025-01-19_30_14,1373
2025-01-29_44_46,1543
2025-02-26_47_28,2318
2025-01-12_02_24,1014
2025-02-02_02_16,1746
2025-02-26_46_45,3469
2025-02-02_19_30,2254
2025-01-17_46_44,3141
2025-02-13_09_46,4123
2025-02-25_45_09,4663
2025-01-24_02_01,1668
2025-02-28_09_46,4980
2025-02-22_17_23,1194
2025-02-13_47_03,2106
2025-02-02_38_36,1821
2025-02-27_44_45,1014
2025-01-28_47_03,1181
2025-01-22_47_43,1920
2025-01-24_02_30,2671
2025-02-02_03_47,2509
2025-02-07_11_36,2360
2025-02-15_19_32,2768
2025-02-05_35_46,1655
2025-02-02_30_02,2768
2025-02-21_30_14,2453
2025-01-12_45_42,1565
2025-01-27_27_36,1738
2025-01-17_02_31,2905
2025-02-18_17_23,1126
2025-02-22_48_45,1698
2025-01-24_12_36,1832
2025-01-02_45_47,4410
2025-01-02_38_36,1120
2025-01-26_02_21,1180
2025-01-07_07_36,1155
2025-02-27_14_30,1469
2025-02-12_37_36,5252
2025-01-28_08_47,1143
2025-02-17_47_28,1992
2025-02-13_45_42,2142
2025-02-04_23_13,1434
2025-01-02_05_47,2876
2025-02-12_02_14,1165
2025-01-28_11_36,1614
2025-01-20_23_25,850
2025-02-09_18_46,2998
2025-01-31_46_45,4709
2025-02-16_36_22,2138
2025-02-24_42_45,1664
2025-02-15_02_24,1568
2025-02-15_45_47,4670
2025-01-29_45_09,3150
2025-02-04_47_10,1057
2025-02-01_02_19,2176
2025-02-23_30_14,1512
2025-01-21_23_25,1549
2025-01-08_47_03,3098
2025-01-01_02_30,2307
2025-02-04_02_21,1308
2025-02-08_37_36,5139
2025-01-31_28_45,1426
2025-01-10_45_34,3332
2025-02-05_46_26,1308
2025-01-07_45_28,2614
2025-02-20_18_46,1346
2025-01-06_14_30,1613
2025-02-22_45_47,4350
2025-02-01_41_36,3090
2025-01-09_47_46,2137
2025-02-17_14_30,1799
2025-01-30_02_21,1384
2025-01-02_01_02,1139
2025-01-03_08_47,1294
2025-01-02_46_44,1914
2025-02-05_02_24,1208
2025-02-01_13_23,2161
2025-02-19_16_02,1187
2025-02-23_31_02,3425
2025-01-27_45_09,2116
2025-02-01_43_47,2337
2025-02-18_48_46,3099
2025-01-16_43_47,4417
2025-02-07_28_47,1912
2025-01-10_25_23,1398
2025-01-03_45_03,1924
2025-02-22_11_36,2791
2025-02-16_47_08,1695
2025-02-16_03_47,2395
2025-02-26_42_45,1501
2025-02-19_23_13,1357
2025-01-01_02_47,2173
2025-01-27_36_27,851
2025-01-16_25_23,936
2025-01-04_02_01,1268
2025-02-24_02_24,998
2025-02-04_02_30,1729
2025-02-14_36_07,2261
2025-01-08_45_42,1139
2025-02-17_48_45,2157
2025-02-23_45_42,2089
2025-01-20_11_36,2004
2025-02-04_43_47,1701
2025-02-07_45_34,3191
2025-01-10_46_33,3715
2025-02-04_46_44,1641
2025-02-27_25_23,1825
2025-02-28_06_47,1241
2025-02-08_36_12,1972
2025-01-01_39_45,3735
2025-01-21_02_40,1823
2025-01-22_19_30,1159
2025-01-31_45_34,3330
2025-01-26_11_36,2314
2025-02-10_47_05,2260
2025-02-21_43_47,2386
2025-01-04_12_36,1807
2025-01-08_30_14,1132
2025-02-22_45_05,2000
2025-02-28_46_47,2116
2025-01-20_36_37,919
2025-01-13_02_16,1375
2025-01-23_15_46,1194
2025-01-15_47_28,2231
2025-02-03_32_19,2368
2025-01-22_02_47,1657
2025-02-06_28_47,1909
2025-02-07_07_36,1825
2025-01-02_45_09,3007
2025-01-15_03_45,3302
2025-02-06_47_08,1409
2025-02-12_45_09,2893
2025-01-14_02_31,1279
2025-02-28_23_13,2353
2025-01-09_25_23,1348
2025-02-27_44_46,2073
2025-01-07_46_45,3321
2025-02-23_09_45,5302
2025-02-18_36_22,1257
2025-01-12_35_46,2889
2025-02-13_38_36,1389
2025-02-28_20_46,2201
2025-01-20_46_44,1988
2025-02-17_09_45,3974
2025-01-03_28_47,1225
2025-02-06_30_02,1714
2025-01-14_11_36,1362
2025-01-31_30_02,2087
2025-02-10_03_45,1608
2025-02-04_45_42,1329
2025-01-20_18_46,3102
2025-02-24_13_23,2758
2025-01-29_15_46,1090
2025-01-06_47_10,1305
2025-01-25_07_36,1669
2025-01-20_04_29,1247
2025-01-27_46_33,835
2025-02-23_19_32,2883
2025-02-13_11_36,2809
2025-01-01_28_47,1861
2025-01-30_09_45,2465
2025-01-13_03_45,1791
2025-02-22_31_02,2203
2025-01-22_01_02,1008
2025-01-04_13_23,2241
2025-02-19_08_47,1381
2025-02-14_44_45,1196
2025-02-18_45_39,1393
2025-02-15_23_25,1897
2025-01-19_04_29,1254
2025-01-05_25_23,3142
2025-02-13_19_30,1598
2025-01-02_28_47,1308
2025-02-03_47_05,2421
2025-02-25_02_01,1172
2025-01-25_05_47,2379
2025-02-14_02_21,1656
2025-02-11_47_46,1512
2025-02-04_02_47,1855
2025-01-29_46_09,3425
2025-01-08_27_36,1111
2025-02-13_43_47,2040
2025-01-05_14_30,2860
2025-02-18_18_46,1208
2025-01-07_46_09,3410
2025-02-04_39_45,1375
2025-02-14_02_40,3245
2025-02-12_45_42,1986
2025-01-27_47_05,1806
2025-01-12_04_29,1177
2025-01-08_35_46,1408
2025-02-05_46_15,1337
2025-02-26_03_45,1313
2025-01-17_45_09,4126
2025-02-10_45_34,1338
2025-01-29_02_30,1633
2025-01-26_22_36,1425
2025-01-15_09_45,3989
2025-01-30_30_02,2117
2025-02-02_47_45,5667
2025-01-04_46_35,2473
2025-02-26_19_02,1648
2025-02-20_22_36,1354
2025-01-26_31_02,2770
2025-01-02_48_46,5425
2025-02-26_36_41,2643
2025-01-25_30_14,1424
2025-02-05_22_36,1219
2025-01-07_14_30,1173
2025-01-29_34_45,1238
2025-02-15_20_46,1472
2025-02-01_23_25,1170
2025-02-23_34_45,3940
2025-02-03_15_46,2260
2025-01-03_02_40,2620
2025-02-16_45_39,1549
2025-02-22_33_46,1225
2025-02-07_47_06,1689
2025-01-31_46_48,6694
2025-01-08_02_31,1783
2025-02-27_02_24,1061
2025-01-05_21_02,2009
2025-02-05_33_46,888
2025-01-21_47_06,1172
2025-02-20_33_46,1882
2025-01-09_36_22,1040
2025-02-18_36_27,1587
2025-01-05_02_01,1281
2025-01-04_03_45,2100
2025-01-01_09_45,5495
2025-02-14_22_36,1805
2025-02-09_45_28,2790
2025-02-01_36_27,1684
2025-02-04_13_23,1661
2025-02-24_45_09,2871
2025-01-20_36_07,1629
2025-02-06_14_30,1182
2025-02-11_18_46,2395
2025-02-11_19_32,2172
2025-01-30_13_23,1684
2025-02-18_35_46,1801
2025-02-06_45_28,2951
2025-02-05_05_45,1710
2025-01-18_23_25,1521
2025-02-03_42_45,2071
2025-02-11_23_25,1086
2025-01-08_39_45,1038
2025-02-12_33_46,1061
2025-02-12_48_46,3494
2025-02-18_25_23,1581
2025-02-26_46_47,1548
2025-01-12_17_23,1852
2025-01-28_46_35,1589
2025-01-08_14_30,1229
2025-02-27_46_47,1454
2025-01-30_45_42,1821
2025-01-01_03_47,1456
2025-02-21_46_44,4076
2025-01-26_20_46,1658
2025-01-04_19_30,2077
2025-01-09_37_36,0
2025-02-01_17_23,1235
2025-01-05_02_14,1532
2025-02-01_47_30,1940
2025-02-05_31_02,1461
2025-02-08_43_47,2691
2025-01-21_02_19,1683
2025-01-10_39_45,1059
2025-02-02_18_46,3300
2025-02-18_31_02,2040
2025-02-21_17_23,1265
2025-01-06_47_43,2245
2025-02-04_21_02,1149
2025-01-05_47_30,2168
2025-02-23_46_26,2062
2025-02-12_15_46,1307
2025-01-20_02_19,1569
2025-02-27_46_44,2433
2025-01-12_47_28,3750
2025-02-18_45_44,1121
2025-02-08_17_23,1330
2025-01-13_28_47,2187
2025-01-13_26_46,2015
2025-01-18_39_45,2209
2025-01-13_42_45,1490
2025-02-09_36_22,1649
2025-01-08_43_47,1695
2025-01-04_07_36,2896
2025-01-11_39_45,1772
2025-01-22_28_45,1560
2025-01-05_02_16,1739
2025-01-08_45_09,3508
2025-02-13_46_33,1269
2025-01-28_05_47,1908
2025-02-08_19_32,2762
2025-01-01_48_45,3430
2025-02-04_32_19,1770
2025-02-20_19_32,3036
2025-01-26_26_46,2361
2025-02-17_05_47,2792
2025-02-08_02_14,1568
2025-01-28_46_45,2498
2025-02-20_45_46,4501
2025-01-08_02_19,1705
2025-01-23_46_44,1698
2025-01-10_03_47,2329
2025-02-06_09_46,4347
2025-01-06_42_45,1919
2025-02-20_45_44,1403
2025-02-16_30_02,2685
2025-02-08_44_45,1251
2025-02-10_16_02,1507
2025-02-20_45_42,2025
2025-01-17_15_46,2325
2025-01-18_03_45,3135
2025-02-09_47_28,2399
2025-01-15_16_02,1109
2025-02-25_41_36,3159
2025-02-27_02_30,1825
2025-02-16_05_47,4844
2025-01-24_37_36,680
2025-02-28_19_30,1579
2025-02-11_46_44,1794
2025-02-14_18_46,1577
2025-01-16_02_31,2505
2025-01-01_42_45,2693
2025-02-17_02_16,1383
2025-02-21_27_36,1513
2025-02-19_39_45,1129
2025-02-27_07_36,1632
2025-01-19_18_46,4200
2025-02-12_45_34,1529
2025-02-27_47_06,1507
2025-02-23_11_36,3852
2025-01-10_47_02,2036
2025-01-03_48_45,1935
2025-01-06_45_34,1121
2025-02-26_20_46,1402
2025-01-06_43_47,2076
2025-01-11_36_07,2051
2025-01-20_47_08,1187
2025-02-06_45_47,5009
2025-02-27_45_03,1470
2025-01-21_44_46,2334
2025-01-04_42_45,2563
2025-01-08_44_46,1319
2025-02-09_02_19,2207
2025-01-24_02_40,3212
2025-02-02_19_02,2872
2025-02-25_21_02,1121
2025-02-15_46_33,1481
2025-02-07_20_46,1336
2025-01-11_01_02,984
2025-02-13_02_30,2323
2025-02-13_36_12,2576
2025-01-26_19_32,2395
2025-01-04_45_34,2627
2025-01-02_32_19,1970
2025-02-22_12_36,2459
2025-01-27_02_31,1276
2025-01-23_37_36,332
2025-02-25_23_13,1891
2025-01-28_45_47,3305
2025-01-17_47_28,2689
2025-01-17_46_20,1519
2025-01-17_18_46,2914
2025-01-14_45_44,1103
2025-02-26_46_20,2032
2025-02-24_32_19,2236
2025-02-08_38_36,2100
2025-01-08_48_46,2775
2025-01-31_47_10,1307
2025-01-06_28_47,1889
2025-01-14_47_05,2547
2025-01-05_23_13,2064
2025-02-03_02_16,1442
2025-02-12_47_30,1439
2025-01-02_02_47,1566
2025-01-08_48_45,1240
2025-02-18_11_36,2312
2025-01-31_33_46,1653
2025-01-01_02_24,956
2025-01-16_32_19,1466
2025-02-19_46_45,3550
2025-02-15_28_45,2403
2025-01-21_02_21,1034
2025-02-24_45_05,1209
2025-01-21_45_48,1313
2025-01-03_36_12,2430
2025-01-15_40_02,1612
2025-01-04_46_44,2732
2025-01-19_46_45,6086
2025-01-13_46_15,2266
2025-01-27_36_41,2553
2025-01-02_45_46,4542
2025-02-19_43_47,1617
2025-02-08_02_40,2949
2025-02-02_20_46,2736
2025-02-09_45_46,6220
2025-02-23_47_06,1569
2025-02-12_47_03,1976
2025-02-17_47_02,2040
2025-02-26_40_02,1835
2025-02-09_12_36,2860
2025-01-18_45_39,1928
2025-02-09_02_31,1606
2025-02-15_32_19,2428
2025-02-05_45_47,4069
2025-01-10_34_45,2191
2025-02-23_47_46,3086
2025-01-19_36_22,1711
2025-02-14_17_23,1316
2025-01-28_36_37,3598
2025-01-24_47_28,3264
2025-02-07_27_36,1622
2025-02-08_30_14,1820
2025-02-05_46_35,2284
2025-02-14_40_02,2486
2025-01-21_45_09,1972
2025-02-22_02_14,1605
2025-01-23_47_08,1184
2025-02-20_44_45,1112
2025-01-31_02_01,1830
2025-02-13_36_41,3325
2025-01-20_46_18,1176
2025-02-03_01_02,1652
2025-01-17_02_01,1402
2025-02-21_38_36,1693
2025-01-14_02_47,1320
2025-02-28_36_22,1759
2025-02-05_05_47,2154
2025-02-28_47_08,2012
2025-01-27_16_02,1899
2025-01-09_47_30,1400
2025-01-05_26_46,3096
2025-02-06_46_09,4732
2025-01-02_25_23,4132
2025-02-11_48_45,1768
2025-02-22_47_45,4064
2025-01-27_45_44,966
2025-01-09_36_07,1461
2025-02-12_46_09,3782
2025-02-03_02_01,1334
2025-02-02_47_06,1373
2025-01-20_36_12,1529
2025-02-27_02_47,1621
2025-01-31_04_29,1131
2025-02-28_37_36,1609
2025-01-20_46_45,4642
2025-02-26_04_29,1191
2025-01-22_41_36,2222
2025-02-10_46_20,1515
2025-02-26_27_36,1679
2025-01-04_44_45,1579
2025-01-11_02_24,1252
2025-01-24_05_47,2240
2025-02-07_41_36,3615
2025-01-16_47_28,2264
2025-02-01_47_10,1411
2025-02-06_02_24,1233
2025-01-21_22_36,963
2025-02-17_46_35,1526
2025-02-24_17_23,2000
2025-02-02_45_28,1845
2025-02-14_21_02,1105
2025-02-16_47_03,1594
2025-02-22_46_44,2739
2025-01-26_47_05,2547
2025-01-19_45_44,1261
2025-01-04_19_02,3240
2025-02-05_02_01,1362
2025-01-16_01_02,981
2025-02-08_34_45,1963
2025-02-27_19_30,1189
2025-01-28_02_21,1209
2025-02-03_45_48,1258
2025-02-10_36_41,3443
2025-01-03_46_48,4070
2025-02-11_45_46,3668
2025-02-21_41_36,2635
2025-01-24_46_48,4949
2025-02-28_47_03,2015
2025-02-24_02_19,1719
2025-01-20_31_02,2428
2025-01-25_36_07,2325
2025-01-06_11_36,1712
2025-01-05_47_46,3241
2025-01-13_03_47,1801
2025-02-05_44_45,1064
2025-02-21_36_11,3485
2025-01-01_02_16,1385
2025-01-05_18_46,2980
2025-01-18_15_46,2934
2025-02-23_44_46,5312
2025-01-09_35_46,1464
2025-01-29_12_36,1318
2025-02-20_39_45,1009
2025-01-09_47_28,3279
2025-02-20_47_08,1273
2025-01-31_14_30,1535
2025-01-14_03_45,2468
2025-01-09_45_39,1885
2025-02-21_01_02,1231
2025-02-08_30_02,2793
2025-01-18_31_02,1816
2025-01-11_45_28,5379
2025-02-12_36_37,5214
2025-01-17_19_30,1799
2025-02-18_38_36,1238
2025-02-23_45_46,5887
2025-01-24_23_13,2537
2025-02-14_23_13,1658
2025-01-21_47_10,806
2025-01-03_46_20,1415
2025-02-05_25_23,1095
2025-01-11_47_08,4367
2025-01-23_46_20,1512
2025-01-13_02_19,1577
2025-02-09_16_02,1962
2025-02-17_02_47,1661
2025-01-19_47_30,2605
2025-02-08_09_46,5447
2025-01-22_45_39,1559
2025-01-29_19_02,1432
2025-02-04_46_48,2886
2025-01-11_15_46,1591
2025-02-02_36_07,2249
2025-01-01_15_46,3895
2025-01-26_37_36,1493
2025-01-02_30_02,1785
2025-01-30_18_46,1206
2025-02-01_46_48,6555
2025-01-03_45_44,1700
2025-01-21_38_36,1092
2025-02-08_12_36,2078
2025-02-10_46_35,2033
2025-02-06_02_16,1240
2025-02-25_02_40,2373
2025-02-20_16_02,1360
2025-01-07_36_37,156
2025-02-27_46_20,1705
2025-01-10_45_47,6488
2025-01-02_37_36,78
2025-02-28_40_02,2434
2025-02-27_04_29,1045
2025-02-05_37_36,2604
2025-01-15_46_09,4325
2025-02-03_19_30,2106
2025-02-13_46_09,5615
2025-02-20_46_44,2526
2025-01-12_46_48,7955
2025-02-27_36_11,2532
2025-02-06_19_30,1378
2025-01-09_23_25,1125
2025-02-27_18_46,2373
2025-01-04_36_27,971
2025-02-15_13_23,1926
2025-02-03_02_19,1915
2025-02-18_47_28,1773
2025-01-26_45_42,1236
2025-01-13_02_40,1642
2025-01-17_28_45,2163
2025-01-28_15_46,1065
2025-02-15_47_30,2189
2025-02-23_47_45,5963
2025-01-12_05_45,2571
2025-02-22_47_06,1710
2025-02-07_28_45,1857
2025-02-27_37_36,3193
2025-01-29_36_12,1674
2025-01-19_45_03,1381
2025-02-21_28_47,1537
2025-02-02_02_24,1312
2025-02-02_48_45,3532
2025-01-29_02_21,1135
2025-01-27_47_06,966
2025-02-24_44_45,1457
2025-01-05_45_09,2944
2025-01-16_46_18,1472
2025-01-05_38_36,1675
2025-01-27_43_47,1950
2025-02-21_47_08,1762
2025-02-26_47_10,1230
2025-02-10_47_43,2121
2025-01-19_46_09,6320
2025-01-19_36_37,937
2025-02-05_28_45,1849
2025-02-22_46_15,1449
2025-01-16_45_46,4293
2025-01-20_07_36,1421
2025-02-09_39_45,3261
2025-01-06_47_46,1543
2025-01-08_12_36,1443
2025-02-06_48_45,1509
2025-02-20_26_46,1249
2025-02-18_22_36,1087
2025-02-26_32_19,1759
2025-02-07_47_10,1582
2025-01-08_02_01,1005
2025-01-11_37_36,430
2025-02-05_03_45,1237
2025-02-20_28_45,1615
2025-02-12_17_23,1133
2025-02-05_18_46,1530
2025-01-26_03_47,1740
2025-02-19_36_27,1677
2025-01-19_45_42,1497
2025-01-28_45_42,1231
2025-02-21_23_13,1886
2025-01-02_44_45,1710
2025-02-24_20_46,1532
2025-01-01_46_15,1164
2025-01-10_46_35,6897
2025-02-04_45_28,1889
2025-01-07_04_29,1048
2025-01-02_02_14,1255
2025-02-01_02_14,1685
2025-01-18_08_47,2725
2025-02-24_47_05,2680
2025-01-31_20_46,1697
2025-02-16_03_45,2523
2025-02-15_41_36,3519
2025-02-08_46_18,2716
2025-02-23_18_46,2892
2025-02-21_02_01,1646
2025-02-25_17_23,1197
2025-02-04_02_40,2438
2025-02-23_45_09,3013
2025-01-30_32_19,1711
2025-02-18_01_02,1056
2025-02-16_45_42,1772
2025-01-27_35_46,2489
2025-01-08_45_39,1211
2025-02-04_09_45,3121
2025-01-28_30_02,1523
2025-01-22_46_09,3586
2025-01-26_02_47,2044
2025-02-10_41_36,3310
2025-02-28_46_45,5083
2025-01-12_31_02,2479
2025-01-07_46_47,1346
2025-01-20_22_36,1381
2025-02-09_45_39,1942
2025-02-23_40_02,3736
2025-01-14_23_25,544
2025-01-04_41_36,3858
2025-02-17_28_45,2809
2025-01-06_48_46,3679
2025-01-12_47_08,3657
2025-01-27_02_19,1415
2025-01-22_22_36,1051
2025-01-08_23_25,985
2025-01-27_46_47,1510
2025-02-06_04_29,917
2025-02-28_36_37,2292
2025-02-06_46_44,2392
2025-01-15_02_30,1607
2025-01-09_02_14,1081
2025-01-26_07_36,1800
2025-02-26_33_46,1046
2025-02-22_23_13,2187
2025-01-13_46_26,1797
2025-01-04_11_36,1811
2025-01-05_45_03,1651
2025-01-03_32_19,2261
2025-01-14_33_46,1495
2025-02-22_47_30,2483
2025-02-19_09_46,3507
2025-01-30_37_36,2788
2025-02-13_36_07,1464
2025-01-17_45_28,4227
2025-01-09_45_46,4318
2025-02-13_46_15,1623
2025-02-19_27_36,1806
2025-02-21_46_48,6285
2025-01-23_36_12,1409
2025-01-28_02_30,1780
2025-01-03_36_11,1884
2025-02-13_19_02,1698
2025-02-17_47_45,4434
2025-01-25_19_32,2440
2025-01-28_47_02,1281
2025-01-08_31_02,1380
2025-02-02_26_46,2806
2025-02-12_02_21,1249
2025-01-25_44_46,1862
2025-02-08_45_03,1412
2025-01-18_45_47,3745
2025-01-01_45_44,1333
2025-01-17_21_02,903
2025-02-21_44_46,2058
2025-02-21_02_24,1538
2025-01-24_04_29,1229
2025-02-18_46_45,3716
2025-02-12_21_02,1008
2025-02-14_02_47,2625
2025-01-13_13_23,2261
2025-01-23_02_31,2453
2025-01-20_21_02,1396
2025-01-08_47_30,1372
2025-01-01_16_02,1558
2025-02-01_39_45,1733
2025-02-25_46_09,5388
2025-02-02_02_47,2285
2025-01-13_38_36,1190
2025-02-19_36_37,4841
2025-02-08_46_35,3398
2025-01-24_47_43,2566
2025-01-13_06_47,1396
2025-01-10_02_31,3194
2025-01-07_46_35,1377
2025-01-03_02_01,1393
2025-01-23_46_33,1149
2025-02-25_36_11,2540
2025-02-19_04_29,1005
2025-02-19_20_46,1080
2025-01-06_45_09,1847
2025-01-19_02_30,4266
2025-02-03_02_40,2027
2025-02-17_46_26,1425
2025-02-07_13_23,1773
2025-02-12_28_45,1625
2025-01-28_14_30,1368
2025-02-26_11_36,2102
2025-01-01_05_45,3051
2025-02-09_07_36,2330
2025-02-17_08_47,1588
2025-01-10_45_28,6174
2025-01-11_02_14,1377
2025-01-17_48_45,1929
2025-02-19_07_36,1440
2025-01-15_13_23,1632
2025-01-25_46_45,3767
2025-01-29_47_46,1447
2025-02-23_45_48,1896
2025-01-27_12_36,2025
2025-01-14_46_45,4195
2025-01-01_36_22,1318
2025-01-04_46_18,1493
2025-01-04_33_46,1251
2025-01-25_15_46,1315
2025-02-08_47_46,2582
2025-01-20_02_31,1328
2025-01-01_19_30,2264
2025-02-10_30_14,1305
2025-01-07_45_47,3469
2025-02-09_32_19,2625
2025-02-25_30_02,1763
2025-02-08_45_09,3687
2025-01-12_06_47,1859
2025-02-14_15_46,1308
2025-01-17_46_35,2668
2025-02-10_22_36,1541
2025-01-20_30_02,2643
2025-01-19_47_46,3026
2025-02-22_18_46,1641
2025-02-03_03_45,1638
2025-02-25_03_45,1225
2025-02-18_46_20,1471
2025-01-02_36_12,1662
2025-01-19_23_13,2036
2025-01-28_19_32,1847
2025-02-04_31_02,1758
2025-01-22_36_41,3716
2025-01-09_46_18,2559
2025-01-21_46_33,903
2025-02-16_47_46,3059
2025-02-24_26_46,1911
2025-01-01_47_28,1740
2025-02-04_46_18,1469
2025-02-20_02_24,1302
2025-02-06_38_36,1377
2025-01-25_36_22,1378
2025-02-07_02_16,1947
2025-01-23_18_46,1442
2025-02-17_21_02,1403
2025-01-18_26_46,1771
2025-02-18_02_21,1385
2025-02-20_47_02,1714
2025-01-05_02_21,1407
2025-02-23_45_03,1341
2025-01-05_47_03,1966
2025-01-15_23_25,1420
2025-02-24_30_02,1985
2025-02-27_45_44,1370
2025-01-26_45_39,1492
2025-01-11_36_11,1631
2025-02-19_05_45,1221
2025-02-23_45_39,1679
2025-01-13_36_07,1658
2025-01-24_22_36,1267
2025-01-18_33_46,2839
2025-01-21_23_13,1410
2025-02-04_17_23,1282
2025-01-18_03_47,2905
2025-01-01_46_48,3859
2025-02-08_47_05,4025
2025-01-05_20_46,2784
2025-02-03_47_02,2046
2025-01-04_47_08,1697
2025-02-12_13_23,1598
2025-01-19_28_45,4491
2025-02-04_35_46,1620
2025-02-07_47_28,3612
2025-01-23_46_26,1566
2025-02-23_47_10,1387
2025-02-17_02_01,1208
2025-02-28_38_36,1775
2025-01-14_02_40,1280
2025-01-07_08_47,1048
2025-02-11_12_36,1643
2025-01-14_09_46,5319
2025-01-16_02_30,1667
2025-01-25_46_20,1530
2025-02-17_42_45,2122
2025-02-17_11_36,2934
2025-02-11_28_45,1594
2025-02-13_36_27,1659
2025-02-19_47_10,981
2025-02-16_31_02,3602
2025-01-30_28_47,1318
2025-01-11_03_47,2038
2025-02-25_36_07,1845
2025-02-07_46_33,2322
2025-01-19_05_47,8198
2025-02-12_45_44,1061
2025-02-25_16_02,1216
2025-02-17_34_45,2389
2025-01-07_31_02,1793
2025-01-20_20_46,2639
2025-02-16_47_05,3532
2025-01-04_45_46,4251
2025-02-11_22_36,1382
2025-02-26_46_33,1098
2025-02-25_33_46,1069
2025-01-13_36_11,1406
2025-02-07_09_46,5337
2025-01-21_46_47,1373
2025-02-07_16_02,1562
2025-01-13_30_14,1158
2025-01-27_46_26,1448
2025-02-27_28_47,1562
2025-02-20_02_16,1520
2025-02-13_02_14,1299
2025-01-20_47_43,1850
2025-02-01_05_45,2093
2025-02-09_02_30,3479
2025-02-02_45_48,1728
2025-01-11_44_46,2371
2025-01-20_37_36,728
2025-02-06_45_03,1525
2025-01-20_46_15,901
2025-01-29_47_45,3207
2025-01-05_03_45,2877
2025-02-24_45_39,1280
2025-02-24_12_36,2167
2025-02-09_43_47,3380
2025-02-17_41_36,2729
2025-02-09_46_33,1730
2025-01-19_30_02,2957
2025-02-01_31_02,1618
2025-02-17_02_14,1486
2025-01-17_09_45,2691
2025-01-16_35_46,4973
2025-02-01_36_07,2211
2025-01-17_02_19,2376
2025-01-29_39_45,1056
2025-01-24_36_11,2445
2025-01-05_09_45,5444
2025-01-02_30_14,1357
2025-01-10_02_24,1079
2025-01-19_21_02,1733
2025-01-24_47_06,1376
2025-01-07_06_47,971
2025-02-16_47_28,2263
2025-01-26_41_36,3673
2025-02-12_45_47,4263
2025-02-27_46_45,3751
2025-02-16_11_36,5112
2025-01-11_46_44,6772
2025-02-10_46_26,1572
2025-01-05_45_42,1684
2025-02-12_45_39,1780
2025-02-03_45_46,4573
2025-01-14_22_36,1136
2025-01-23_47_05,2230
2025-01-20_02_16,1427
2025-01-28_05_45,1355
2025-02-07_03_47,1374
2025-02-12_09_46,3673
2025-01-04_30_02,2667
2025-01-26_28_45,3215
2025-01-28_46_09,2689
2025-02-10_33_46,2111
2025-02-25_01_02,1164
2025-02-07_01_02,1236
2025-02-25_07_36,1321
2025-02-11_42_45,1533
2025-02-06_44_46,1496
2025-01-20_09_45,4451
2025-02-26_36_22,1331
2025-02-13_15_46,1229
2025-01-12_46_26,2122
2025-02-24_04_29,1258
2025-02-18_20_46,980
2025-02-20_02_21,1429
2025-01-06_36_12,1565
2025-02-25_45_47,4584
2025-02-06_19_32,2068
2025-02-23_14_30,3260
2025-01-17_33_46,2458
2025-02-26_02_19,1839
2025-01-13_09_46,4977
2025-01-03_01_02,1250
2025-01-06_16_02,1435
2025-02-20_05_47,2077
2025-02-18_03_45,1341
2025-02-04_28_45,1989
2025-01-26_45_05,1266
2025-01-02_02_19,1796
2025-02-07_43_47,2433
2025-02-14_45_44,2031
2025-02-07_02_21,1685
2025-02-26_45_39,1495
2025-01-26_16_02,2051
2025-02-13_27_36,1713
2025-01-17_07_36,1575
2025-02-09_19_30,2577
2025-02-14_25_23,1297
2025-02-08_46_47,1851
2025-02-22_47_02,2051
2025-02-13_47_05,3820
2025-02-23_45_47,5255
2025-02-18_47_08,1129
2025-02-19_26_46,1778
2025-01-27_45_03,961
2025-02-04_45_39,1151
2025-01-22_06_47,1522
2025-02-14_46_09,6674
2025-01-12_47_43,5124
2025-01-26_44_46,4404
2025-02-11_45_47,3565
2025-02-17_45_03,1197
2025-02-09_04_29,1184
2025-02-09_27_36,2955
2025-02-10_36_07,1875
2025-02-03_02_31,1581
2025-02-17_36_07,1490
2025-01-03_19_32,2396
2025-02-12_03_47,1438
2025-01-24_32_19,2095
2025-02-19_34_45,1235
2025-01-11_46_48,9062
2025-01-31_30_14,2411
2025-01-11_28_47,2424
2025-02-19_17_23,1265
2025-02-16_45_09,2900
2025-01-25_45_03,1271
2025-01-28_43_47,1471
2025-01-04_02_30,2686
2025-01-07_18_46,1122
2025-02-16_09_45,5354
2025-01-10_45_46,5573
2025-01-12_46_33,3052
2025-01-13_02_24,847
2025-02-01_47_08,1359
2025-02-04_30_14,1678
2025-01-22_47_08,1158
2025-01-13_25_23,1195
2025-01-15_44_46,4229
2025-02-15_42_45,1524
2025-01-24_19_32,2472
2025-02-26_03_47,1102
2025-02-26_02_40,2001
2025-01-26_02_31,1161
2025-02-17_37_36,4363
2025-01-06_45_48,993
2025-02-06_41_36,2083
2025-01-06_46_45,4426
2025-01-13_34_45,2466
2025-02-15_30_14,2149
2025-02-25_37_36,2847
2025-01-21_19_02,1710
2025-02-08_28_47,2116
2025-01-12_45_48,2894
2025-01-14_28_47,1999
2025-01-22_43_47,2434
2025-01-25_26_46,1757
2025-02-11_35_46,2486
2025-02-07_36_41,4532
2025-01-13_22_36,1363
2025-01-13_02_14,1165
2025-02-13_31_02,1732
2025-02-18_47_30,1627
2025-01-09_33_46,683
2025-02-16_46_26,2190
2025-01-08_47_10,2357
2025-01-15_35_46,4592
2025-02-24_37_36,3660
2025-02-16_02_24,1088
2025-01-10_46_20,3435
2025-01-23_47_02,1639
2025-02-03_25_23,1633
2025-01-13_41_36,3867
2025-01-26_02_30,3485
2025-01-15_45_44,1046
2025-01-14_45_42,1045
2025-02-16_44_46,4920
2025-01-23_46_47,1502
2025-02-12_02_31,2353
2025-02-03_46_09,4227
2025-01-31_02_30,2795
2025-02-14_05_47,2516
2025-01-13_31_02,2224
2025-02-01_47_06,1323
2025-02-18_09_46,3312
2025-01-07_45_42,1106
2025-02-21_40_02,2763
2025-01-01_36_11,1694
2025-01-01_14_30,2845
2025-02-26_39_45,1235
2025-01-11_46_47,2436
2025-01-28_02_01,1072
2025-02-02_02_19,2187
2025-01-15_48_46,7530
2025-01-21_48_45,1662
2025-01-03_47_06,1397
2025-02-25_05_47,2098
2025-01-03_46_47,1731
2025-02-16_46_44,2829
2025-01-31_05_47,2303
2025-01-14_34_45,2528
2025-01-24_45_46,5511
2025-01-17_39_45,1626
2025-01-22_04_29,1097
2025-02-10_39_45,2067
2025-01-03_42_45,1871
2025-02-27_20_46,1935
2025-01-03_09_45,3507
2025-02-06_22_36,1265
2025-02-22_46_45,3787
2025-01-16_31_02,1198
2025-02-18_46_44,1845
2025-01-12_21_02,1628
2025-01-02_47_08,1154
2025-01-31_45_44,2215
2025-02-11_02_40,2267
2025-01-27_42_45,1761
2025-02-19_45_47,3728
2025-02-24_02_21,1287
2025-01-01_21_02,1645
2025-02-21_23_25,2831
2025-02-17_46_47,2498
2025-02-02_43_47,2769
2025-01-08_36_12,1393
2025-01-31_45_39,3486
2025-01-29_30_02,1475
2025-02-25_46_45,3783
2025-02-15_18_46,1594
2025-01-29_36_27,919
2025-01-03_45_05,2105
2025-01-18_36_12,1975
2025-02-21_36_37,8269
2025-01-21_36_07,1216
2025-01-23_19_02,1811
2025-01-31_18_46,1919
2025-02-12_05_47,2105
2025-02-27_47_08,1433
2025-01-11_34_45,2463
2025-02-18_05_45,1610
2025-01-17_27_36,1238
2025-01-09_43_47,1685
2025-01-10_45_44,2678
2025-01-31_45_46,5432
2025-02-25_45_03,1619
2025-01-02_19_32,2213
2025-02-06_02_47,1949
2025-01-10_35_46,1593
2025-01-06_36_22,1848
2025-02-11_44_45,1456
2025-02-04_46_20,1276
2025-02-01_46_09,4957
2025-02-08_47_45,4132
2025-02-17_27_36,2081
2025-01-28_46_15,1192
2025-02-02_01_02,1731
2025-01-11_46_15,4036
2025-01-26_09_45,4803
2025-02-19_38_36,1745
2025-01-29_22_36,897
2025-01-10_28_45,2008
2025-02-22_46_48,5032
2025-01-30_43_47,1691
2025-01-01_17_23,1447
2025-01-18_46_47,1903
2025-01-16_45_42,1325
2025-01-31_42_45,1421
2025-01-09_09_45,2621
2025-02-12_47_10,1201
2025-02-11_08_47,1265
2025-02-04_47_28,2010
2025-01-03_12_36,2080
2025-01-27_02_47,2282
2025-02-19_47_03,1535
2025-02-18_02_30,1796
2025-02-16_33_46,3463
2025-01-27_39_45,2285
2025-02-02_44_45,2609
2025-01-08_13_23,1534
2025-01-04_02_31,1866
2025-01-07_47_06,2298
2025-01-20_45_48,1076
2025-02-04_18_46,1618
2025-02-14_31_02,1790
2025-01-21_02_16,1229
2025-01-07_48_46,2501
2025-02-01_36_11,2500
2025-02-24_44_46,2153
2025-02-17_33_46,1345
2025-01-15_06_47,3247
2025-02-17_16_02,1556
2025-01-29_45_39,1398
2025-02-15_38_36,2169
2025-01-26_46_35,1756
2025-01-06_47_06,1307
2025-02-01_01_02,1225
2025-01-27_47_46,1542
2025-01-23_02_24,1041
2025-02-01_45_44,1853
2025-02-19_46_09,4507
2025-02-26_37_36,4623
2025-02-01_08_47,1386
2025-02-06_45_39,2308
2025-01-11_45_47,5110
2025-01-01_44_45,2470
2025-02-11_01_02,1086
2025-01-29_02_19,1653
2025-01-26_36_11,1391
2025-01-20_02_47,1733
2025-01-01_36_12,2251
2025-02-08_02_01,1398
2025-02-16_46_47,2671
2025-02-16_28_47,3221
2025-02-16_46_18,1911
2025-01-10_05_45,2794
2025-01-25_31_02,2173
2025-02-04_30_02,1592
2025-01-29_01_02,950
2025-02-17_45_47,3807
2025-02-17_46_44,1720
2025-01-08_45_05,3043
2025-02-05_23_13,1353
2025-02-23_02_31,2211
2025-01-20_08_47,2535
2025-02-05_47_05,2727
2025-02-08_46_44,3746
2025-02-13_28_47,1683
2025-01-11_22_36,1391
2025-01-28_45_28,1571
2025-01-13_39_45,2275
2025-02-13_46_18,1690
2025-02-21_02_40,3739
2025-01-25_03_45,1460
2025-02-21_45_39,3695
2025-01-21_34_45,1450
2025-01-17_47_10,1381
2025-01-17_45_03,1475
2025-01-14_45_39,1038
2025-02-16_16_02,1921
2025-02-14_47_46,2496
2025-01-27_47_08,1033
2025-02-26_19_32,1754
2025-02-16_08_47,2635
2025-01-25_02_19,1942
2025-02-19_28_45,1953
2025-01-02_05_45,2335
2025-01-09_20_46,812
2025-01-30_08_47,1044
2025-01-21_33_46,1343
2025-01-04_46_45,4072
2025-01-31_46_09,7001
2025-01-08_19_32,2034
2025-02-08_48_45,1635
2025-02-17_45_09,2021
2025-02-27_36_12,1815
2025-01-31_19_02,1974
2025-02-17_36_41,2630
2025-02-12_46_33,928
2025-02-05_07_36,1573
2025-01-30_45_03,1318
2025-01-01_25_23,4954
2025-02-02_05_45,2567
2025-02-04_45_48,1243
2025-01-29_46_44,2095
2025-01-02_35_46,2737
2025-01-30_47_08,1395
2025-02-23_02_16,2152
2025-01-20_16_02,1427
2025-01-27_46_15,939
2025-02-09_45_34,1982
2025-02-18_47_43,2269
2025-02-15_03_45,1696
2025-02-15_45_48,2098
2025-01-27_46_48,2191
2025-02-02_12_36,3671
2025-02-17_45_28,2230
2025-02-22_28_47,2450
2025-02-25_47_30,1464
2025-02-06_20_46,1133
2025-01-15_25_23,1403
2025-01-30_46_20,1274
2025-01-13_02_30,1996
2025-02-03_46_18,1553
2025-02-20_12_36,1927
2025-01-26_19_30,2342
2025-01-05_46_18,1987
2025-02-20_21_02,1084
2025-01-29_45_05,1429
2025-02-13_16_02,1268
2025-01-24_42_45,1642
2025-01-12_47_46,2938
2025-01-31_15_46,1993
2025-02-15_27_36,1868
2025-02-11_06_47,1297
2025-01-07_32_19,1759
2025-02-21_02_30,2596
2025-02-27_02_14,1284
2025-01-01_26_46,2511
2025-01-23_03_45,1409
2025-01-19_20_46,3623
2025-02-14_19_02,2010
2025-02-10_46_48,3593
2025-02-22_47_46,2258
2025-02-03_46_47,1766
2025-01-30_46_18,1752
2025-02-07_18_46,1986
2025-02-08_45_42,1927
2025-01-24_36_22,1734
2025-02-23_46_47,2715
2025-02-02_46_45,6641
2025-02-20_46_18,1537
2025-02-07_14_30,1719
2025-01-12_09_45,2700
2025-01-02_43_47,2058
2025-01-27_19_02,2230
2025-01-14_02_21,937
2025-02-08_25_23,1789
2025-02-23_02_19,2302
2025-02-06_46_20,1696
2025-01-16_07_36,1279
2025-02-27_15_46,1319
2025-01-27_47_43,1649
2025-02-11_02_19,1844
2025-02-02_09_46,8211
2025-02-26_36_12,1872
2025-01-09_48_45,1455
2025-02-25_35_46,2195
2025-01-03_02_30,2408
2025-02-02_16_02,2080
2025-01-18_36_11,1807
2025-01-30_31_02,1691
2025-02-04_46_26,1394
2025-02-26_22_36,1492
2025-01-24_46_18,1891
2025-02-11_45_39,1229
2025-02-25_46_18,2132
2025-01-22_46_45,3437
2025-01-06_09_46,4232
2025-02-10_04_29,1190
2025-01-20_44_45,2152
2025-02-22_45_48,2196
2025-01-01_38_36,1183
2025-01-26_27_36,1415
2025-01-08_20_46,837
2025-02-06_17_23,1125
2025-02-27_47_02,1495
2025-01-23_47_45,3635
2025-02-21_47_05,4382
2025-01-08_18_46,1059
2025-02-12_25_23,1447
2025-01-26_13_23,2769
2025-02-03_02_24,1100
2025-02-01_40_02,2436
2025-02-06_33_46,918
2025-01-14_43_47,1956
2025-02-03_47_03,1306
2025-02-05_45_48,1475
2025-02-07_15_46,1518
2025-01-27_40_02,2393
2025-01-29_06_47,1197
2025-01-10_19_02,1853
2025-01-13_23_25,709
2025-01-27_02_40,1863
2025-01-03_02_24,1250
2025-01-19_45_39,1648
2025-01-07_35_46,1562
2025-01-29_20_46,1219
2025-01-08_46_26,1306
2025-02-28_45_03,1787
2025-02-02_14_30,2860
2025-01-09_28_45,1297
2025-02-05_46_33,1109
2025-02-13_45_03,1446
2025-01-18_38_36,1252
2025-02-27_45_42,1715
2025-01-02_33_46,1633
2025-01-21_46_09,3277
2025-02-07_46_09,7065
2025-01-11_30_14,1358
2025-01-29_23_13,1347
2025-01-20_02_24,973
2025-01-10_02_30,2469
2025-01-08_38_36,773
2025-02-20_47_46,1895
2025-01-12_47_02,1842
2025-02-09_05_45,2891
2025-02-11_03_45,1212
2025-02-24_45_46,4158
2025-02-21_47_30,2396
2025-02-21_16_02,1480
2025-01-13_33_46,1263
2025-01-19_11_36,2222
2025-02-02_47_30,2390
2025-01-27_36_22,1571
2025-02-08_40_02,2761
2025-01-29_13_23,1593
2025-01-26_47_02,1717
2025-01-05_17_23,1935
2025-02-04_46_15,1137
2025-01-11_41_36,4178
2025-01-19_03_45,4283
2025-01-12_22_36,1582
2025-01-08_01_02,940
2025-01-02_02_21,1385
2025-01-14_46_26,1326
2025-01-08_45_44,1405
2025-01-04_37_36,321
2025-02-01_19_02,1834
2025-01-13_47_46,2226
2025-02-23_36_37,5410
2025-02-04_36_11,2024
2025-01-31_09_46,5484
2025-02-05_36_41,3212
2025-01-24_09_46,4916
2025-01-25_08_47,1227
2025-01-26_38_36,1628
2025-02-02_22_36,2057
2025-01-29_48_45,1340
2025-01-23_44_45,1022
2025-02-09_38_36,3414
2025-02-16_36_37,6300
2025-02-16_12_36,3422
2025-01-16_28_45,2847
2025-02-23_07_36,2379
2025-02-21_46_15,1867
2025-01-02_36_27,990
2025-02-25_09_46,3078
2025-02-28_17_23,1710
2025-01-16_47_46,1692
2025-01-31_46_18,2104
2025-02-26_45_47,4114
2025-01-08_02_40,1789
2025-01-05_04_29,1456
2025-01-28_23_13,1383
2025-02-08_20_46,1639
2025-02-25_36_27,1672
2025-01-04_09_46,4950
2025-01-20_02_40,2051
2025-02-11_47_06,1416
2025-01-12_28_47,2817
2025-01-26_46_09,4703
2025-01-30_40_02,1825
2025-01-09_21_02,894
2025-02-16_25_23,2642
2025-02-10_28_47,1966
2025-02-05_21_02,1165
2025-01-02_45_42,1720
2025-02-13_47_30,2125
2025-01-02_22_36,1184
2025-02-12_46_20,1376
2025-01-05_27_36,1833
2025-01-29_26_46,1223
2025-01-01_22_36,1689
2025-02-06_21_02,1080
2025-01-22_46_44,1770
2025-02-09_45_42,1963
2025-01-06_02_14,1092
2025-02-10_03_47,1623
2025-01-11_46_33,3685
2025-02-24_23_13,2380
2025-01-15_47_02,1303
2025-02-21_05_45,1768
2025-01-04_26_46,2089
2025-01-06_06_47,1343
2025-01-17_05_45,2735
2025-02-02_05_47,3877
2025-02-13_09_45,2835
2025-01-22_47_05,1882
2025-01-06_34_45,3113
2025-01-05_46_35,2234
2025-01-27_19_32,2119
2025-02-22_13_23,2177
2025-01-24_47_10,1304
2025-01-01_47_30,2049
2025-02-25_45_39,1498
2025-02-02_47_02,2446
2025-02-16_20_46,2426
2025-01-18_30_02,2250
2025-01-10_30_02,1876
2025-02-03_05_47,2617
2025-02-27_45_34,1678
2025-02-24_47_28,1955
2025-01-29_09_45,2568
2025-01-04_47_30,2163
2025-01-01_35_46,5232
2025-01-24_30_02,2666
2025-01-26_35_46,4174
2025-02-08_46_48,6193
2025-02-06_27_36,1250
2025-01-06_46_33,912
2025-02-21_46_33,1810
2025-02-11_09_45,3050
2025-01-18_19_30,1561
2025-02-26_36_07,1671
2025-01-08_02_24,857
2025-02-28_46_26,1991
2025-01-24_46_20,1861
2025-01-30_02_16,1286
2025-01-17_20_46,2196
2025-01-04_36_07,1955
2025-02-26_09_45,2690
2025-02-14_46_18,2234
2025-02-14_46_20,1921
2025-01-30_46_48,5615
2025-01-04_48_46,5621
2025-02-07_36_22,1631
2025-02-07_04_29,1071
2025-02-28_45_47,5627
2025-01-26_30_02,2298
2025-01-31_46_15,2717
2025-02-25_39_45,1503
2025-01-02_03_45,2063
2025-01-14_45_48,1891
2025-02-28_02_30,2579
2025-01-11_43_47,2629
2025-02-10_47_03,1457
2025-02-07_44_46,2035
2025-01-28_48_45,1486
2025-02-22_02_40,2692
2025-02-25_30_14,1917
2025-01-26_45_44,1279
2025-01-28_47_10,975
2025-02-09_44_46,5177
2025-02-27_05_45,1423
2025-01-04_06_47,1269
2025-01-29_25_23,1254
2025-02-18_19_32,2158
2025-01-23_45_46,4440
2025-01-29_36_22,1091
2025-02-12_26_46,1477
2025-01-16_13_23,1494
2025-02-03_02_21,1259
2025-01-10_46_44,7501
2025-02-16_45_03,1459
2025-02-14_46_33,2087
2025-02-04_23_25,1228
2025-01-28_22_36,1004
2025-01-24_46_45,4530
2025-01-30_17_23,1094
2025-02-06_47_45,4065
2025-01-01_01_02,1388
2025-02-13_07_36,1373
2025-02-13_46_20,1363
2025-01-06_01_02,1242
2025-01-04_23_25,1623
2025-02-23_45_28,2130
2025-02-11_05_45,1367
2025-02-28_36_07,2270
2025-02-21_15_46,983
2025-02-21_22_36,1464
2025-01-06_19_30,1425
2025-01-30_45_05,1355
2025-02-01_26_46,1953
2025-01-14_02_19,1534
2025-01-23_43_47,1823
2025-01-03_44_46,1816
2025-02-10_46_47,1747
2025-02-20_02_01,1287
2025-01-29_16_02,1051
2025-02-17_47_05,2840
2025-02-01_36_41,3660
2025-02-09_28_45,3763
2025-02-12_47_46,1566
2025-01-23_04_29,1172
2025-01-31_36_37,5093
2025-01-04_39_45,2214
2025-02-03_14_30,1994
2025-02-09_02_14,1611
2025-01-12_45_47,4341
2025-01-11_47_06,4608
2025-02-14_45_09,4799
2025-01-21_11_36,1401
2025-02-09_46_45,6055
2025-01-06_27_36,1283
2025-01-26_32_19,2313
2025-01-25_47_30,1941
2025-02-25_14_30,1382
2025-02-24_45_44,1042
2025-02-03_45_05,1243
2025-01-23_01_02,1059
2025-01-07_47_10,1595
2025-01-23_47_30,1542
2025-01-13_46_47,1890
2025-02-26_45_44,1193
2025-01-07_39_45,1200
2025-01-21_47_03,1115
2025-01-23_36_22,991
2025-01-14_44_46,2442
2025-01-28_44_45,940
2025-02-19_46_44,1827
2025-02-03_47_10,932
2025-02-24_36_11,2427
2025-01-14_07_36,1148
2025-02-19_46_20,1422
2025-01-11_45_03,3312
2025-02-16_43_47,3633
2025-02-02_08_47,2300
2025-02-10_36_27,1557
2025-01-16_36_12,1455
2025-01-20_45_47,3130
2025-02-09_34_45,3567
2025-02-16_45_28,2014
2025-01-25_46_47,1527
2025-02-01_02_30,2698
2025-02-10_47_46,1875
2025-01-28_25_23,1318
2025-01-10_45_03,4091
2025-01-17_45_39,2427
2025-01-02_19_30,1615
2025-01-01_47_06,1215
2025-01-25_25_23,3056
2025-01-28_09_46,2871
2025-02-26_46_15,1350
2025-02-06_03_45,1333
2025-02-16_15_46,2543
2025-01-08_37_36,249
2025-01-06_08_47,1599
2025-01-30_48_46,2607
2025-01-14_46_33,1231
2025-01-03_23_25,2150
2025-01-27_45_47,3042
2025-01-25_45_42,1820
2025-02-02_41_36,2955
2025-01-23_27_36,1117
2025-01-30_39_45,1124
2025-01-10_42_45,1193
2025-02-18_45_47,3521
2025-01-26_34_45,3441
2025-02-21_31_02,1872
2025-01-29_28_45,1282
2025-01-15_02_16,1128
2025-02-18_02_19,2177
2025-02-22_15_46,1166
2025-02-12_36_07,1451
2025-02-06_46_33,1322
2025-01-11_28_45,1689
2025-02-02_06_47,1937
2025-02-02_07_36,2489
2025-01-12_37_36,199
2025-01-30_19_30,1419
2025-01-25_47_10,1099
2025-02-06_02_30,2015
2025-01-08_46_09,3855
2025-02-18_21_02,1125
2025-02-02_09_45,5300
2025-01-04_46_09,3976
2025-02-23_44_45,2571
2025-01-27_03_45,1589
2025-02-06_47_10,1304
2025-02-04_19_02,1844
2025-01-27_44_45,1256
2025-01-14_36_27,671
2025-01-15_08_47,3628
2025-01-28_46_20,1342
2025-02-21_08_47,1465
2025-02-10_36_22,1355
2025-01-08_36_11,1326
2025-01-05_08_47,2327
2025-02-15_46_20,1752
2025-01-03_45_48,1727
2025-02-14_47_30,2028
2025-01-19_38_36,1470
2025-01-16_47_06,1134
2025-02-03_46_45,5060
2025-01-16_44_45,1819
2025-02-10_25_23,1930
2025-02-19_22_36,1031
2025-01-05_44_45,2397
2025-01-04_18_46,2389
2025-01-18_36_41,3318
2025-02-27_16_02,1197
2025-01-15_14_30,1182
2025-02-18_30_14,1757
2025-02-16_23_25,1826
2025-01-16_16_02,1107
2025-01-25_09_46,4739
2025-02-14_36_22,1946
2025-02-23_03_45,2082
2025-01-28_28_47,1537
2025-01-04_43_47,2223
2025-01-06_46_20,1160
2025-02-24_02_30,2597
2025-02-25_47_03,1986
2025-02-01_02_01,1405
2025-01-22_15_46,1221
2025-01-15_47_08,1337
2025-02-16_02_31,1641
2025-02-14_19_30,1702
2025-01-21_04_29,1077
2025-01-03_34_45,3500
2025-02-22_36_12,2210
2025-02-26_47_30,1460
2025-01-15_34_45,1996
2025-02-11_40_02,1980
2025-02-22_02_16,1764
2025-01-21_45_28,1469
2025-01-31_02_19,3156
2025-02-27_02_21,1311
2025-02-20_46_20,1498
2025-01-08_02_47,1505
2025-02-18_34_45,1886
2025-01-17_16_02,1350
2025-01-11_02_30,2206
2025-01-23_36_11,1599
2025-01-11_32_19,2002
2025-01-28_47_06,999
2025-02-07_45_03,1776
2025-01-31_40_02,2188
2025-01-25_45_28,3285
2025-01-11_23_25,1359
2025-01-05_05_45,3520
2025-01-18_45_03,1161
2025-02-08_03_47,1482
2025-01-31_23_25,1696
2025-01-29_19_30,1230
2025-01-08_02_16,1186
2025-01-01_47_03,1678
2025-01-18_17_23,1159
2025-02-24_45_47,3613
2025-02-23_45_05,1788
2025-01-29_27_36,1108
2025-02-21_02_21,1696
2025-01-22_36_12,1440
2025-01-19_46_33,1533
2025-01-31_02_40,3707
2025-02-21_04_29,1062
2025-01-10_20_46,1274
2025-02-23_15_46,2447
2025-01-08_46_18,1668
2025-02-27_36_22,1109
2025-01-14_26_46,1602
2025-01-28_28_45,1615
2025-01-26_09_46,6543
2025-02-12_47_28,2262
2025-01-17_36_27,1081
2025-01-10_32_19,2080
2025-02-09_45_44,1610
2025-02-23_36_11,3084
2025-01-13_32_19,2157
2025-02-11_07_36,1386
2025-01-10_04_29,1092
2025-01-23_46_35,1571
2025-01-25_03_47,1273
2025-01-25_45_39,2147
2025-02-25_45_46,3926
2025-02-17_02_31,1477
2025-02-18_47_02,1673
2025-01-11_46_18,4696
2025-01-13_47_06,2369
2025-01-31_03_47,1321
2025-02-11_13_23,1590
2025-01-09_46_33,2151
2025-02-09_46_44,3623
2025-02-04_45_47,3544
2025-02-18_23_25,1138
2025-01-26_46_15,675
2025-01-28_06_47,1127
2025-02-06_36_22,1338
2025-01-01_45_42,1886
2025-01-02_14_30,1607
2025-01-30_02_14,1429
2025-02-15_47_08,1481
2025-02-06_02_40,2476
2025-01-31_47_08,1795
2025-01-01_46_47,1942
2025-02-15_02_16,1711
2025-02-13_45_46,4509
2025-01-18_47_02,1864
2025-01-01_45_48,1660
2025-02-03_08_47,1512
2025-02-10_30_02,1921
2025-02-21_35_46,2309
2025-02-12_40_02,1906
2025-01-06_31_02,2395
2025-01-28_45_05,944
2025-01-03_39_45,2035
2025-02-26_30_14,1447
2025-02-08_46_20,2811
2025-02-12_35_46,1823
2025-02-05_09_46,3296
2025-01-15_45_42,1240
2025-02-20_31_02,1666
2025-01-17_36_22,1206
2025-01-02_46_35,1872
2025-01-10_07_36,1568
2025-02-07_02_47,2422
2025-02-04_33_46,1077
2025-01-03_40_02,2713
2025-01-07_46_26,1050
2025-02-06_18_46,1508
2025-02-19_47_02,1379
2025-02-17_46_09,4058
2025-02-05_20_46,1240
2025-02-21_18_46,1695
2025-01-30_42_45,1145
2025-01-27_06_47,1546
2025-02-22_47_28,2835
2025-02-26_12_36,1696
2025-02-20_30_02,1705
2025-01-01_46_33,1448
2025-01-06_45_03,1507
2025-02-05_47_06,1299
2025-01-06_02_19,1474
2025-01-13_48_45,1980
2025-01-15_46_33,1712
2025-02-17_02_24,1171
2025-01-19_12_36,3558
2025-02-25_45_34,2012
2025-02-06_34_45,1428
2025-02-05_47_10,1208
2025-02-18_36_11,3092
2025-02-28_04_29,1279
2025-01-09_47_02,1226
2025-01-23_09_45,2761
2025-01-22_33_46,939
2025-02-28_47_30,1923
2025-02-22_02_30,3346
2025-01-26_47_45,5066
2025-02-20_36_37,6921
2025-01-18_47_05,3637
2025-01-22_46_33,927
2025-01-29_03_45,1122
2025-01-12_42_45,2184
2025-02-26_45_34,1583
2025-02-22_47_05,4633
2025-02-22_44_46,2135
2025-02-24_36_07,1547
2025-02-18_39_45,1626
2025-01-13_45_44,2082
2025-01-04_02_40,2188
2025-02-24_27_36,1707
2025-02-03_02_47,1867
2025-01-19_19_02,2999
2025-01-06_39_45,1948
2025-02-27_30_14,1702
2025-02-05_19_32,2055
2025-01-03_45_34,2785
2025-02-09_47_05,3099
2025-01-06_03_45,1647
2025-02-23_27_36,2130
2025-01-18_46_26,1730
2025-01-05_46_45,6223
2025-02-06_46_45,3599
2025-02-09_47_03,1663
2025-02-11_19_02,1800
2025-02-03_47_43,1794
2025-01-31_31_02,1744
2025-01-22_45_48,1464
2025-01-10_36_12,2298
2025-02-25_43_47,1702
2025-01-07_23_25,1030
2025-01-31_35_46,2115
2025-02-17_36_12,1927
2025-01-04_45_39,1719
2025-01-24_45_48,2399
2025-01-16_45_34,1873
2025-02-07_48_46,4746
2025-01-29_02_14,1210
2025-02-03_44_46,3843
2025-01-19_39_45,3397
2025-01-11_45_39,2635
2025-01-14_02_14,949
2025-01-17_42_45,1518
2025-01-19_45_34,1563
2025-01-02_06_47,1411
2025-01-29_45_42,1528
2025-02-28_02_47,2256
2025-01-12_02_14,1531
2025-01-23_19_30,1251
2025-01-19_47_08,1452
2025-01-16_46_44,2415
2025-02-04_06_47,1233
2025-02-16_02_21,1423
2025-01-15_20_46,2712
2025-02-14_28_47,1986
2025-02-06_36_11,2906
2025-01-02_28_45,1717
2025-02-08_23_13,2052
2025-02-26_47_06,1318
2025-01-10_12_36,1918
2025-02-13_36_22,1423
2025-02-24_02_47,1855
2025-01-05_02_31,1937
2025-01-27_17_23,2008
2025-01-10_47_46,3828
2025-02-24_05_45,2172
2025-02-15_40_02,2722
2025-02-10_17_23,1713
2025-01-15_43_47,3746
2025-01-03_14_30,1634
2025-02-02_34_45,3458
2025-01-31_09_45,3437
2025-02-26_36_37,2041
2025-02-08_48_46,4496
2025-01-11_18_46,1550
2025-02-21_45_05,2901
2025-01-20_45_09,1902
2025-02-09_01_02,1676
2025-01-01_20_46,3107
2025-01-17_46_18,1745
2025-01-12_33_46,1579
2025-02-27_03_47,1227
2025-02-09_09_46,7260
2025-02-07_45_44,2038
2025-02-11_46_35,1579
2025-01-07_20_46,891
2025-01-18_13_23,2020
2025-01-25_21_02,1030
2025-01-11_47_10,3338
2025-01-07_21_02,1002
2025-02-27_01_02,1017
2025-02-13_35_46,1935
2025-02-09_46_47,2556
2025-02-16_13_23,2628
2025-02-27_34_45,1484
2025-01-01_27_36,1376
2025-02-20_46_15,1457
2025-01-24_46_33,1854
2025-01-16_20_46,2857
2025-02-16_46_15,1386
2025-02-19_02_30,1776
2025-01-31_05_45,1477
2025-01-31_19_30,1700
2025-01-22_25_23,1829
2025-01-20_02_14,1156
2025-02-23_09_46,8135
2025-02-03_28_45,2063
2025-01-19_36_11,1574
2025-01-24_09_45,3781
2025-02-15_47_45,4497
2025-01-12_16_02,2151
2025-02-10_08_47,1686
2025-02-08_45_47,4303
2025-02-07_02_24,1739
2025-01-30_05_45,1285
2025-01-03_46_35,2391
2025-01-22_36_22,1031
2025-02-19_45_46,3860
2025-02-05_43_47,1694
2025-02-08_19_30,1690
2025-01-16_15_46,2851
2025-01-26_05_45,2522
2025-01-31_13_23,1998
2025-02-23_22_36,1874
2025-02-03_45_47,3837
2025-02-06_19_02,1796
2025-02-22_45_44,1674
2025-02-02_44_46,6339
2025-01-06_18_46,1428
2025-02-20_45_09,3751
2025-02-15_06_47,1532
2025-02-25_46_35,1760
2025-02-21_34_45,2127
2025-01-05_11_36,2833
2025-02-26_47_03,1701
2025-01-07_36_22,1157
2025-02-10_36_11,2776
2025-01-11_17_23,1154
2025-01-31_46_47,2114
2025-02-11_11_36,2312
2025-02-08_47_02,1930
2025-01-30_47_46,1516
2025-02-03_03_47,1598
2025-02-22_02_19,2126
2025-01-22_45_47,3919
2025-02-01_48_45,1672
2025-01-01_18_46,3463
2025-02-07_02_31,3036
2025-01-21_39_45,1290
2025-02-02_30_14,1547
2025-01-10_11_36,1738
2025-02-11_47_28,2075
2025-02-20_02_31,2934
2025-01-11_30_02,2071
2025-01-24_44_45,1130
2025-02-27_46_15,1494
2025-01-24_19_30,1532
2025-01-18_19_02,1980
2025-01-15_15_46,2802
2025-01-15_11_36,1400
2025-02-23_48_46,6952
2025-01-24_44_46,1512
2025-01-18_44_46,3851
2025-01-15_19_32,1927
2025-01-31_07_36,1406
2025-01-10_36_11,1765
2025-02-08_36_07,2107
2025-01-22_03_45,1631
2025-02-03_26_46,1910
2025-01-31_28_47,1864
2025-02-16_47_10,1454
2025-02-09_02_01,1381
2025-01-31_45_03,1554
2025-02-08_02_31,2092
2025-02-27_02_31,2408
2025-02-11_28_47,2153
2025-01-08_45_03,2662
2025-02-09_02_24,1413
2025-01-25_14_30,1552
2025-01-25_23_13,1888
2025-01-20_36_22,1345
2025-02-03_46_15,1164
2025-01-05_28_45,4074
2025-01-21_45_39,1348
2025-02-05_48_46,3620
2025-02-11_21_02,1065
2025-01-06_47_45,4283
2025-02-13_05_45,1583
2025-01-16_45_09,3179
2025-02-27_39_45,1294
2025-01-24_46_44,2862
2025-01-09_44_45,827
2025-01-10_23_25,2101
2025-01-23_02_40,2006
2025-02-06_47_03,1531
2025-01-20_41_36,3024
2025-01-31_02_31,2942
2025-01-19_43_47,6104
2025-01-03_43_47,1967
2025-02-18_07_36,1356
2025-02-04_36_27,1586
2025-01-29_03_47,1184
2025-02-17_46_20,1142
2025-01-28_21_02,1142
2025-02-05_11_36,1962
2025-01-11_47_02,1888
2025-02-01_45_42,1865
2025-02-21_05_47,2441
2025-02-27_36_41,3219
2025-02-20_19_30,1605
2025-01-04_15_46,2272
2025-02-23_25_23,2305
2025-02-24_05_47,2616
2025-01-08_07_36,1165
2025-02-16_19_32,3206
2025-01-19_42_45,2737
2025-01-11_14_30,1508
2025-01-18_02_47,1744
2025-02-27_48_46,6494
2025-01-28_35_46,1278
2025-01-11_06_47,1730
2025-02-03_31_02,2238
2025-01-16_14_30,1021
2025-02-04_42_45,1575
2025-01-06_19_02,2275
2025-01-18_28_47,2961
2025-02-06_47_30,1893
2025-02-03_45_28,2051
2025-02-08_47_08,1454
2025-02-10_09_45,4141
2025-01-12_20_46,1683
2025-02-13_23_13,1701
2025-01-06_45_44,884
2025-01-14_36_41,3403
2025-01-02_12_36,2043
2025-02-18_09_45,3202
2025-01-15_46_48,4124
2025-02-23_47_03,1779
2025-01-12_45_09,3069
2025-01-17_37_36,334
2025-01-08_47_45,3695
2025-01-24_45_42,2591
2025-01-22_47_03,1272
2025-01-16_46_48,4032
2025-02-06_47_02,1937
2025-02-18_41_36,2148
2025-02-15_12_36,2090
2025-01-14_47_06,995
2025-02-07_37_36,3068
2025-01-05_46_26,1971
2025-02-20_48_45,1385
2025-02-28_45_46,5729
2025-01-09_36_12,1556
2025-01-15_19_02,1781
2025-02-21_02_14,1829
2025-01-10_23_13,1433
2025-02-11_46_20,1235
2025-02-01_37_36,2244
2025-01-23_33_46,746
2025-01-28_46_18,1348
2025-02-25_02_14,1360
2025-01-11_09_46,5798
2025-01-31_02_47,2356
2025-01-27_45_28,1648
2025-01-19_37_36,1162
2025-02-10_46_09,4688
2025-02-12_48_45,1429
2025-01-15_45_39,1331
2025-01-01_46_45,5836
2025-01-31_37_36,1763
2025-01-08_36_07,1365
2025-01-18_21_02,1130
2025-01-02_47_02,1638
2025-02-02_46_48,5173
2025-01-26_36_22,1333
2025-01-27_21_02,1325
2025-02-04_47_45,3691
2025-01-04_30_14,1502
2025-02-20_40_02,2365
2025-01-27_45_42,1104
2025-02-18_45_46,3883
2025-01-16_02_01,1067
2025-01-06_07_36,1909
2025-01-14_13_23,1532
2025-01-07_01_02,1002
2025-02-06_16_02,1250
2025-02-01_03_47,1393
2025-02-13_47_28,2886
2025-02-03_46_44,1616
2025-01-25_47_28,2372
2025-02-28_23_25,2772
2025-02-10_45_39,1226
2025-01-27_36_07,1555
2025-02-05_02_19,2550
2025-01-19_47_43,2291
2025-01-22_31_02,1770
2025-02-25_08_47,1200
2025-01-24_30_14,2286
2025-02-18_46_47,1453
2025-02-07_46_26,2103
2025-02-03_23_25,1207
2025-02-28_11_36,2441
2025-02-23_36_22,1569
2025-01-09_02_24,969
2025-01-08_03_45,1205
2025-02-07_34_45,1895
2025-01-09_02_01,1019
2025-02-14_16_02,1515
2025-01-16_12_36,1771
2025-02-16_45_48,1883
2025-02-13_47_43,3207
2025-01-09_46_47,1618
2025-02-11_30_14,1535
2025-02-28_32_19,1950
2025-02-16_36_07,2140
2025-01-12_45_39,1848
2025-01-19_02_19,1974
2025-01-30_21_02,1056
2025-01-19_28_47,3680
2025-02-08_44_46,2217
2025-02-28_05_45,1650
2025-02-21_36_41,3891
2025-01-05_22_36,1830
2025-02-13_45_09,3485
2025-02-21_02_47,2784
2025-01-08_44_45,761
2025-02-18_44_45,1129
2025-01-26_02_19,1440
2025-01-10_45_09,4891
2025-01-02_45_34,2090
2025-02-23_42_45,3098
2025-01-03_45_09,3422
2025-02-06_25_23,1124
2025-01-29_18_46,1433
2025-01-16_02_24,950
2025-01-04_36_12,2226
2025-01-05_44_46,4156
2025-02-03_45_09,2426
2025-01-25_46_33,1550
2025-01-27_36_11,1403
2025-01-15_27_36,1152
2025-02-06_03_47,1190
2025-02-23_08_47,2246
2025-01-05_36_12,2255
2025-01-02_02_01,1117
2025-01-29_05_45,1285
2025-02-15_11_36,3001
2025-02-25_19_32,1999
2025-02-05_41_36,2428
2025-01-01_02_21,1275
2025-01-22_44_46,1614
2025-01-28_09_45,2599
2025-01-24_07_36,1816
2025-01-22_44_45,1146
2025-01-25_45_47,3746
2025-01-31_45_28,4561
2025-01-13_28_45,1818
2025-01-11_38_36,1037
2025-02-25_48_46,3367
2025-02-26_46_09,4528
2025-01-22_47_10,946
2025-01-27_08_47,1508
2025-01-30_36_22,1021
2025-02-12_02_19,2002
2025-01-14_06_47,1957
2025-02-07_47_43,3741
2025-02-17_05_45,2327
2025-01-03_47_05,3477
2025-02-03_19_02,2661
2025-01-20_34_45,1931
2025-01-01_37_36,103
2025-01-22_16_02,1308
2025-01-12_46_15,2511
2025-02-15_46_48,5076
2025-01-15_05_45,2900
2025-01-30_47_06,1183
2025-02-13_02_19,2102
2025-01-10_45_42,2389
2025-01-15_07_36,1248
2025-01-25_37_36,1222
2025-01-07_11_36,1459
2025-01-24_46_09,5671
2025-01-08_45_34,1448
2025-02-05_47_28,2332
2025-01-08_36_37,231
2025-01-09_11_36,1341
2025-02-17_44_45,1807
2025-02-28_19_02,2086
2025-01-15_36_07,1264
2025-02-08_36_27,1791
2025-01-24_34_45,1731
2025-01-28_26_46,1115
2025-02-28_36_41,3365
2025-02-15_04_29,1232
2025-01-12_45_03,2338
2025-02-11_09_46,4179
2025-01-09_46_26,1451
2025-01-09_47_03,3584
2025-02-19_02_21,1453
2025-01-07_36_41,3988
2025-01-29_45_44,1205
2025-02-14_34_45,2278
2025-01-17_02_21,1266
2025-02-21_47_10,2035
2025-02-12_47_08,1184
2025-02-03_36_12,1453
2025-02-08_47_30,2130
2025-01-07_30_14,882
2025-02-02_36_41,3113
2025-01-30_04_29,1722
2025-01-04_02_14,1405
2025-01-22_36_07,1355
2025-01-20_02_21,1200
2025-01-16_40_02,1656
2025-01-02_47_45,4768
2025-02-27_09_45,4689
2025-01-19_02_14,1344
2025-02-23_16_02,2179
2025-01-25_30_02,2499
2025-01-23_20_46,1181
2025-02-13_05_47,2361
2025-01-22_12_36,1356
2025-01-10_47_30,2477
2025-02-05_46_47,1317
2025-02-06_47_46,1697
2025-01-14_25_23,711
2025-02-18_03_47,1280
2025-01-06_17_23,1579
2025-02-07_08_47,1424
2025-01-08_36_27,906
2025-01-28_19_02,1648
2025-01-10_17_23,1066
2025-02-12_39_45,1519
2025-02-25_47_02,1422
2025-01-13_45_47,3737
2025-02-05_38_36,1221
2025-01-27_48_45,1844
2025-02-16_39_45,4104
2025-02-19_47_08,1128
2025-02-05_46_09,3907
2025-01-01_23_25,1700
2025-02-20_42_45,1411
2025-01-10_30_14,1788
2025-02-22_04_29,1211
2025-02-17_09_46,5537
2025-02-01_47_03,1549
2025-01-28_36_07,1434
2025-01-20_47_10,1046
2025-01-26_23_25,1242
2025-01-20_42_45,1981
2025-02-03_47_08,1019
2025-01-25_34_45,1429
2025-01-16_47_43,1683
2025-01-18_09_46,6095
2025-02-20_27_36,1662
2025-01-08_47_05,5099
2025-02-12_36_41,3445
2025-01-05_47_43,2675
2025-02-01_35_46,2027
2025-01-23_14_30,1258
2025-02-20_02_47,2033
2025-02-04_02_19,2063
2025-02-22_02_01,1451
2025-01-04_02_19,2287
2025-01-13_45_28,3872
2025-02-19_14_30,1541
2025-01-17_46_45,3378
2025-02-01_02_24,1443
2025-01-23_26_46,1378
2025-01-09_38_36,719
2025-02-16_22_36,1967
2025-02-27_23_13,1514
2025-02-23_13_23,2792
2025-02-20_36_41,3230
2025-01-28_02_19,1440
2025-02-23_02_47,2417
2025-02-28_13_23,2069
2025-02-18_26_46,1570
2025-01-11_19_30,1350
2025-01-22_02_01,1068
2025-02-17_06_47,1651
2025-01-21_16_02,1080
2025-02-18_47_10,1017
2025-01-07_30_02,1478
2025-02-06_35_46,1798
2025-02-16_48_45,3220
2025-01-12_26_46,2250
2025-02-03_46_26,1917
2025-01-07_03_45,1355
2025-01-24_14_30,1549
2025-02-12_45_46,3609
2025-01-18_45_46,4783
2025-02-06_46_35,1981
2025-01-24_03_47,1227
2025-01-12_45_46,5286
2025-01-04_45_44,1461
2025-01-18_18_46,3680
2025-02-23_19_30,2516
2025-02-27_47_30,1421
2025-01-24_06_47,1244
2025-02-14_03_47,1323
2025-01-25_45_44,1324
2025-01-04_32_19,2387
2025-02-17_47_03,1357
2025-01-02_04_29,1234
2025-01-28_16_02,1147
2025-01-16_30_02,1439
2025-01-05_15_46,3118
2025-01-23_45_05,1116
2025-01-31_47_02,2096
2025-02-17_22_36,1272
2025-02-06_36_27,1517
2025-02-08_15_46,1809
2025-02-19_23_25,1613
2025-02-28_30_14,2401
2025-02-18_43_47,1663
2025-02-15_36_27,2013
2025-02-03_02_14,1482
2025-02-07_22_36,1673
2025-02-03_48_45,2725
2025-01-09_45_03,3045
2025-01-26_05_47,3099
2025-01-10_47_28,4935
2025-02-27_46_48,5714
2025-01-11_04_29,1280
2025-02-28_47_10,1853
2025-01-25_22_36,1293
2025-02-27_36_07,1733
2025-02-24_36_22,1610
2025-01-10_02_47,3125
2025-02-06_23_25,1964
2025-02-23_43_47,3386
2025-01-24_03_45,1238
2025-01-06_45_39,1004
2025-02-12_18_46,2079
2025-01-30_45_34,1746
2025-02-25_42_45,1381
2025-02-16_07_36,2913
2025-01-08_16_02,1083
2025-01-03_11_36,1707
2025-01-23_46_45,3496
2025-01-17_36_11,2217
2025-01-01_47_10,1329
2025-02-22_16_02,1565
2025-02-25_36_41,2711
2025-01-06_45_47,3705
2025-01-18_37_36,679
2025-02-21_46_26,2016
2025-01-14_48_46,5058
2025-01-07_45_09,2383
2025-01-16_47_30,1462
2025-02-15_02_14,1815
2025-02-17_19_32,2275
2025-01-23_35_46,1590
2025-01-15_09_46,6511
2025-02-27_02_16,1583
2025-02-26_45_42,1523
2025-01-05_19_02,3387
2025-02-04_47_02,1495
2025-02-24_23_25,1661
2025-02-02_36_27,1151
2025-01-29_36_41,2687
2025-02-26_47_43,1887
2025-02-25_47_06,1517
2025-01-13_23_13,1489
2025-01-10_01_02,1035
2025-02-21_47_28,3742
2025-02-14_45_46,5569
2025-02-24_40_02,2547
2025-01-21_19_30,1229
2025-01-23_21_02,997
2025-01-08_21_02,895
2025-01-23_47_06,1098
2025-01-28_03_45,1274
2025-02-27_33_46,834
2025-01-25_36_11,2177
2025-01-31_48_46,5063
2025-01-31_44_45,1223
2025-01-18_46_45,3865
2025-01-07_36_12,1456
2025-02-11_47_10,1028
2025-01-18_34_45,1816
2025-02-04_14_30,1481
2025-02-17_36_27,1290
2025-01-27_48_46,4138
2025-02-09_02_40,2662
2025-02-13_46_48,4319
2025-01-31_46_20,2522
2025-01-06_45_28,1458
2025-02-19_46_47,1522
2025-02-28_28_45,1775
2025-01-02_18_46,2258
2025-01-31_45_42,2574
2025-02-20_13_23,1503
2025-01-26_46_48,3136
2025-01-27_19_30,1724
2025-02-15_36_11,3178
2025-02-12_44_46,1904
2025-02-18_14_30,1499
2025-01-15_45_03,1185
2025-02-19_11_36,2462
2025-02-09_44_45,2082
2025-02-01_21_02,1243
2025-02-20_36_27,1769
2025-01-15_36_12,1451
2025-02-11_45_03,1537
2025-01-25_02_40,2124
2025-01-17_47_45,4095
2025-02-27_31_02,2012
2025-02-11_30_02,1546
2025-01-07_44_45,870
2025-01-16_21_02,960
2025-01-09_03_47,1196
2025-02-01_47_02,1863
2025-02-24_45_42,1514
2025-01-13_20_46,1561
2025-01-06_45_42,1136
2025-01-31_36_41,4494
2025-02-18_45_09,2362
2025-02-07_45_42,2562
2025-02-27_46_26,1813
2025-01-12_47_30,1757
2025-02-11_02_24,1205
2025-01-01_43_47,2504
2025-02-11_23_13,1497
2025-01-04_47_02,2112
2025-02-17_48_46,4604
2025-01-26_36_07,1638
2025-01-20_32_19,2346
2025-02-18_15_46,1179
2025-01-05_19_32,2854
2025-01-18_14_30,1563
2025-01-05_33_46,2921
2025-02-22_36_37,6136
2025-02-04_36_41,3341
2025-02-16_45_44,1530
2025-01-12_45_28,4181
2025-02-05_02_30,1797
2025-01-30_23_13,1268
2025-01-02_36_22,1202
2025-02-26_45_28,2562
2025-02-12_27_36,1745
2025-02-08_04_29,1144
2025-01-25_32_19,2010
2025-01-06_02_30,2089
2025-01-02_41_36,5174
2025-01-30_46_44,3069
2025-01-19_45_09,3685
2025-02-27_02_01,1335
2025-01-08_03_47,1197
2025-01-21_15_46,1822
2025-02-27_13_23,1770
2025-02-28_47_06,1720
2025-02-19_32_19,1750
2025-01-09_18_46,962
2025-01-21_36_41,3296
2025-02-14_01_02,1216
2025-01-18_43_47,5574
2025-02-24_46_26,1397
2025-01-21_46_18,1106
2025-01-11_33_46,1913
2025-02-02_46_35,2160
2025-01-07_13_23,1588
2025-01-10_08_47,1375
2025-01-03_02_31,2596
2025-01-24_35_46,1657
2025-01-09_47_43,5371
2025-02-07_42_45,1829
2025-02-21_45_28,4830
2025-01-21_44_45,1247
2025-01-08_47_46,1500
2025-02-15_36_37,8179
2025-02-01_42_45,1445
2025-01-14_36_22,857
2025-01-30_22_36,983
2025-01-07_33_46,555
2025-02-18_45_28,2404
2025-02-06_47_43,3027
2025-02-15_47_06,1548
2025-01-20_28_47,2317
2025-02-20_46_09,5057
2025-02-10_42_45,1909
2025-02-02_37_36,3963
2025-02-11_03_47,1277
2025-01-18_47_45,4503
2025-01-12_27_36,1280
2025-02-15_44_46,1948
2025-01-17_41_36,3544
2025-02-13_04_29,989
2025-02-05_36_11,2775
2025-01-14_30_02,1244
2025-02-19_47_43,2288
2025-01-14_46_44,3424
2025-01-25_11_36,1954
2025-02-25_02_19,1908
2025-01-12_40_02,2533
2025-02-22_47_08,1767
2025-01-27_45_05,985
2025-01-12_25_23,2546
2025-02-18_47_03,1332
2025-01-03_22_36,1394
2025-01-15_22_36,1087
2025-01-09_04_29,1004
2025-02-11_02_31,2049
2025-02-22_43_47,2163
2025-02-26_45_46,4081
2025-01-27_46_20,1064
2025-01-13_46_48,8035
2025-01-27_31_02,2079
2025-01-05_45_46,6029
2025-01-22_45_09,2345
2025-01-07_03_47,1157
2025-02-07_48_45,1738
2025-01-01_36_07,1572
2025-01-05_42_45,3273
2025-01-17_04_29,1125
2025-01-08_28_47,1434
2025-02-07_46_44,4653
2025-01-20_03_45,3485
2025-02-12_47_43,2370
2025-02-20_36_07,1525
2025-01-30_27_36,1137
2025-01-06_40_02,2272
2025-01-15_37_36,825
2025-02-28_19_32,2524
2025-02-04_03_45,1236
2025-02-19_01_02,1054
2025-02-17_04_29,1125
2025-01-14_18_46,1785
2025-01-03_38_36,1026
2025-02-28_09_45,3666
2025-02-02_36_37,5842
2025-01-21_41_36,2766
2025-01-02_26_46,2167
2025-02-20_38_36,1182
2025-01-01_46_35,2068
2025-02-22_45_28,3613
2025-02-05_45_09,2844
2025-01-01_02_14,1347
2025-01-25_47_45,3938
2025-02-17_36_22,1354
2025-01-20_15_46,2476
2025-01-06_02_31,1555
2025-02-19_02_31,2091
2025-01-28_20_46,1279
2025-02-18_48_45,1685
2025-01-24_47_05,3407
2025-01-17_45_44,1554
2025-02-03_22_36,1679
2025-01-24_47_30,1894
2025-01-06_46_09,3389
2025-01-02_45_28,1621
2025-02-24_02_01,1228
2025-01-24_46_47,1646
2025-02-28_44_46,2115
2025-01-29_33_46,891
2025-02-10_12_36,3373
2025-02-14_19_32,2798
2025-02-15_02_31,2151
2025-01-30_19_02,1531
2025-01-25_13_23,2109
2025-01-11_27_36,1331
2025-01-31_02_24,1596
2025-01-21_02_24,1036
2025-02-13_47_08,1390
2025-02-22_35_46,2080
2025-01-31_02_16,1780
2025-01-12_45_34,2249
2025-01-27_15_46,1548
2025-01-28_38_36,975
2025-02-17_01_02,1396
2025-02-24_46_33,1164
2025-02-13_44_45,1002
2025-01-09_46_09,6095
2025-02-09_36_27,1479
2025-01-05_45_05,1610
2025-02-23_46_44,2541
2025-01-12_08_47,1942
2025-02-16_09_46,8040
2025-01-04_46_47,1974
2025-02-20_25_23,1172
2025-02-01_12_36,1812
2025-01-10_16_02,1294
2025-01-27_47_30,1606
2025-01-27_28_47,1850
2025-01-29_28_47,1573
2025-01-19_46_35,2450
2025-01-02_08_47,1316
2025-02-04_36_12,1371
2025-01-07_25_23,1106
2025-02-03_39_45,2490
2025-01-18_07_36,1627
2025-01-31_11_36,1884
2025-02-10_45_09,2590
2025-01-22_34_45,1369
2025-02-05_02_31,2256
2025-01-26_47_06,993
2025-01-13_02_47,1868
2025-02-10_43_47,2298
2025-01-07_45_05,2325
2025-02-02_46_09,6188
2025-01-03_47_02,1829
2025-01-27_47_28,1535
2025-01-16_45_28,2174
2025-01-24_45_44,1539
2025-02-05_13_23,1541
2025-02-05_45_44,1132
2025-01-30_36_37,2563
2025-02-24_46_20,1629
2025-02-01_09_46,5263
2025-01-13_01_02,1231
2025-01-17_23_25,1879
2025-02-20_48_46,2376
2025-02-18_47_46,1447
2025-02-14_45_42,2744
2025-01-19_35_46,8431
2025-02-23_33_46,2779
2025-02-01_04_29,1406
2025-01-20_46_35,1976
2025-01-25_45_09,3503
2025-02-10_07_36,1609
2025-02-19_47_05,2825
2025-01-05_36_41,4088
2025-02-04_45_46,4212
2025-01-29_04_29,1092
2025-02-12_02_30,2128
2025-02-11_05_47,2067
2025-02-25_36_37,5544
2025-01-18_32_19,2264
2025-01-26_47_43,1600
2025-02-07_46_35,4341
2025-01-15_04_29,1083
2025-01-12_45_05,2503
2025-02-27_28_45,1646
2025-02-09_46_18,2476
2025-02-19_36_11,2869
2025-01-26_06_47,1690
2025-01-25_27_36,1474
2025-01-26_19_02,2540
2025-02-06_15_46,1250
2025-01-25_46_09,3888
2025-01-26_43_47,2513
2025-01-20_27_36,1711
2025-01-06_44_45,1422
2025-01-14_36_37,523
2025-01-08_33_46,712
2025-01-02_39_45,2570
2025-01-05_46_47,2549
2025-01-04_34_45,4819
2025-02-02_47_46,2724
2025-01-14_47_10,1257
2025-01-16_41_36,3032
2025-01-20_47_02,1606
2025-01-29_02_24,888
2025-01-29_08_47,1142
2025-01-09_01_02,902
2025-02-13_36_37,6528
2025-01-07_28_45,1474
2025-01-04_36_11,1758
2025-02-21_47_45,4666
2025-02-24_33_46,1169
2025-02-05_36_07,1858
2025-02-23_45_44,1664
2025-02-25_46_33,1291
2025-01-06_46_48,3341
2025-01-13_47_03,1861
2025-02-24_14_30,1805
2025-02-24_06_47,1642
2025-02-01_45_46,4916
2025-02-28_46_09,7862
2025-01-01_09_46,7607
2025-02-20_36_11,3065
2025-02-06_46_26,1473
2025-02-17_02_21,1254
2025-02-20_06_47,1198
2025-02-25_46_48,7438
2025-01-06_32_19,2357
2025-01-27_18_46,1646
2025-02-25_47_45,3979
2025-02-06_28_45,1654
2025-01-12_39_45,2804
2025-01-26_47_10,935
2025-02-11_45_28,1803
2025-02-13_40_02,2454
2025-02-24_46_35,1880
2025-02-19_46_18,1570
2025-02-09_45_48,2043
2025-01-01_02_40,2333
2025-02-23_46_18,1803
2025-01-16_46_15,1131
2025-02-16_46_20,1640
2025-02-22_40_02,2516
2025-02-02_02_21,1338
2025-01-23_45_39,2206
2025-02-26_19_30,1524
2025-01-18_46_09,4596
2025-02-13_46_44,2412
2025-01-16_23_13,1321
2025-02-15_28_47,2027
2025-02-02_48_46,8902
2025-01-07_47_45,3385
2025-01-02_11_36,1601
2025-02-01_45_28,2732
2025-01-26_15_46,1817
2025-02-22_20_46,1440
2025-01-03_27_36,1387
2025-01-18_40_02,2532
2025-01-23_47_28,2620
2025-01-01_45_28,2518
2025-01-22_45_46,3657
2025-01-06_35_46,2142
2025-02-03_30_02,2210
2025-01-18_47_10,1239
2025-01-29_45_48,1908
2025-02-15_02_01,1618
2025-01-23_45_03,1195
2025-02-09_03_47,2346
2025-02-15_34_45,2236
2025-02-25_44_46,1588
2025-02-07_45_46,5612
2025-02-15_47_03,2082
2025-02-09_47_10,1175
2025-02-15_46_47,2049
2025-01-02_02_31,2299
2025-02-03_45_34,1351
2025-01-17_02_16,1488
2025-02-03_33_46,2119
2025-01-06_33_46,951
2025-01-10_13_23,1862
2025-01-29_23_25,806
2025-01-03_45_47,4305
2025-02-03_04_29,1098
2025-02-23_46_15,1463
2025-02-19_36_12,1720
2025-02-13_02_24,1252
2025-02-20_07_36,1480
2025-02-16_42_45,3007
2025-01-03_45_39,2581
2025-01-11_46_45,4226
2025-01-22_46_26,1413
2025-01-09_09_46,3302
2025-02-05_26_46,1388
2025-02-05_02_40,2656
2025-01-22_47_28,1701
2025-01-06_45_05,1185
2025-02-12_36_11,2578
2025-01-19_46_20,1831
2025-02-26_45_09,4096
2025-02-26_08_47,1297
2025-01-18_02_21,1276
2025-01-17_45_05,1821
2025-02-14_47_03,2444
2025-01-19_45_46,6234
2025-01-16_47_10,1049
2025-01-14_19_02,1304
2025-01-30_02_19,2050
2025-01-26_03_45,1843
2025-01-07_28_47,1332
2025-01-05_46_33,1349
2025-01-11_25_23,1777
2025-01-29_31_02,1554
2025-01-07_26_46,1119
2025-01-24_46_15,1641
2025-02-04_02_31,1988
2025-02-21_46_18,2326
2025-01-24_19_02,2429
2025-01-17_44_46,3641
2025-01-03_07_36,2989
2025-01-17_47_06,1298
2025-02-18_06_47,1277
2025-02-22_27_36,1699
2025-01-30_46_33,1450
2025-01-22_46_35,1614
2025-02-14_02_14,1817
2025-01-19_25_23,2073
2025-01-12_02_47,1940
2025-01-17_47_08,1401
2025-02-25_34_45,1713
2025-01-20_46_09,3771
2025-01-19_23_25,1573
2025-01-15_30_14,1149
2025-02-05_45_46,3777
2025-02-20_45_48,2636
2025-01-22_45_42,1432
2025-01-28_36_22,1000
2025-02-03_12_36,2315
2025-01-27_45_48,1309
2025-01-02_20_46,2159
2025-02-11_16_02,1219
2025-01-29_11_36,1510
2025-02-14_45_48,2917
2025-01-21_19_32,2082
2025-02-20_19_02,1871
2025-01-07_02_16,1171
2025-01-20_44_46,4245
2025-01-16_37_36,56
2025-02-13_41_36,2967
2025-02-08_47_06,1596
2025-01-28_12_36,2044
2025-02-23_30_02,2654
2025-02-18_45_03,1102
2025-02-03_23_13,1688
2025-02-02_27_36,2043
2025-01-17_02_30,2515
2025-01-05_02_19,2000
2025-01-04_45_03,1728
2025-01-29_47_03,1261
2025-01-18_46_35,2229
2025-01-29_14_30,1418
2025-02-28_46_44,4531
2025-02-21_13_23,2159
2025-02-23_46_48,4477
2025-01-15_26_46,1851
2025-01-02_46_45,4574
2025-02-08_22_36,1818
2025-01-17_13_23,1746
2025-01-14_47_28,1668
2025-02-03_45_42,1500
2025-02-09_23_13,1869
2025-01-30_09_46,4104
2025-01-18_45_05,1384
2025-02-15_25_23,1894
2025-02-16_26_46,2718
2025-01-26_28_47,3364
2025-02-21_45_42,2771
2025-01-24_48_46,3692
2025-01-15_30_02,1303
2025-02-14_41_36,2677
2025-01-30_47_43,1813
2025-01-12_34_45,3046
2025-02-17_47_30,1766
2025-01-22_46_48,2648
2025-02-23_32_19,2758
2025-01-05_48_45,2898
2025-01-30_44_46,1509
2025-01-12_19_02,2364
2025-02-08_33_46,1249
2025-01-16_05_47,7237
2025-02-09_42_45,3000
2025-01-14_47_08,1177
2025-01-29_36_37,1841
2025-02-21_42_45,1583
2025-01-11_02_47,1974
2025-02-06_39_45,1166
2025-02-17_03_45,1792
2025-01-31_43_47,2072
2025-01-13_47_02,1461
2025-02-14_06_47,1492
2025-01-19_45_28,2032
2025-01-14_47_43,2133
2025-02-14_02_16,1933
2025-01-08_45_28,3875
2025-02-14_28_45,1845
2025-02-27_32_19,1686
2025-02-07_19_02,2151
2025-02-07_26_46,1873
2025-02-28_02_16,1667
2025-01-01_12_36,2837
2025-02-24_19_02,2164
2025-02-15_46_45,3941
2025-01-30_36_41,3366
2025-01-10_46_47,3124
2025-01-15_02_14,1087
2025-01-24_48_45,1327
2025-02-09_02_21,1526
2025-01-18_30_14,1716
2025-02-11_44_46,2296
2025-01-20_26_46,2492
2025-01-16_30_14,1063
2025-02-14_48_46,4165
2025-01-29_05_47,1938
2025-02-24_39_45,2142
2025-01-13_45_34,1312
2025-02-21_36_12,2697
2025-01-27_30_14,1009
2025-02-11_47_03,1580
2025-02-28_01_02,1217
2025-01-10_48_46,4606
2025-02-28_26_46,1900
2025-02-04_16_02,1316
2025-02-26_02_14,1180
2025-01-06_45_46,3244
2025-02-12_03_45,1139
2025-02-08_02_24,1303
2025-01-18_02_01,1349
2025-01-16_27_36,1168
2025-01-26_33_46,3022
2025-01-15_47_43,1715
2025-02-18_47_45,3395
2025-01-08_36_41,5122
2025-01-31_21_02,1155
2025-01-07_47_28,1978
2025-02-06_43_47,2173
2025-02-03_46_20,1298
2025-01-18_02_16,1350
2025-01-15_46_35,2199
2025-01-31_16_02,1400
2025-02-13_45_28,3375
2025-02-09_30_14,1435
2025-01-06_47_03,2135
2025-01-16_11_36,1458
2025-02-03_28_47,2073
2025-01-06_26_46,1533
2025-02-11_47_05,2729
2025-02-02_46_18,2079
2025-01-15_28_45,3009
2025-01-04_36_37,372
2025-01-28_02_47,1359
2025-01-22_45_28,1698
2025-02-08_46_09,5745
2025-01-13_47_28,3194
2025-01-01_05_47,3840
2025-01-11_02_19,1891
2025-01-28_04_29,1130
2025-02-21_06_47,1142
2025-02-05_45_39,1429
2025-01-28_36_41,3633
2025-01-11_45_42,1966
2025-02-10_02_21,1446
2025-02-01_03_45,1262
2025-02-07_47_46,2472
2025-01-21_20_46,1531
2025-02-04_45_03,1247
2025-01-22_02_40,1869
2025-01-26_02_40,1969
2025-01-14_15_46,1748
2025-01-22_02_14,1047
2025-02-03_46_35,1627
2025-02-25_28_47,1720
2025-01-16_45_39,1685
2025-02-18_13_23,1784
2025-01-15_36_37,795
2025-01-16_34_45,1405
2025-01-23_45_09,3116
2025-02-24_15_46,1422
2025-02-26_02_01,1193
2025-02-28_47_28,3545
2025-02-15_45_03,1613
2025-02-14_47_10,1765
2025-02-26_28_45,2003
2025-01-17_03_47,2483
2025-02-03_17_23,1955
2025-02-15_45_42,2126
2025-01-27_47_10,761
2025-01-28_46_48,2132
2025-02-06_48_46,3208
2025-01-28_40_02,1784
2025-02-22_32_19,2124
2025-02-01_15_46,1683
2025-02-09_46_15,1697
2025-02-09_40_02,3252
2025-02-13_45_48,2072
2025-02-13_13_23,1661
2025-01-12_09_46,5278
2025-02-14_36_41,3599
2025-02-08_16_02,1449
2025-02-25_45_42,1649
2025-02-15_19_02,2217
2025-01-23_30_14,1380
2025-02-07_46_48,6328
2025-01-28_02_31,1646
2025-01-18_01_02,1156
2025-02-08_45_48,2710
2025-02-02_45_03,1197
2025-02-23_47_28,2281
2025-01-12_36_41,3756
2025-02-15_02_40,3035
2025-01-10_36_22,1126
2025-02-07_02_40,3227
2025-01-23_28_47,1611
2025-02-15_47_46,1940
2025-01-12_07_36,2167
2025-01-10_36_37,860
2025-01-31_34_45,1822
2025-01-04_45_28,2441
2025-02-05_45_05,1807
2025-01-12_45_44,1895
2025-01-30_01_02,1146
2025-02-16_37_36,6120
2025-02-22_47_43,2578
2025-01-31_46_44,4517
2025-02-16_01_02,1740
2025-01-04_28_47,1741
2025-01-14_46_09,4361
2025-02-28_08_47,1424
2025-01-12_46_35,4757
2025-01-05_05_47,4543
2025-02-15_02_21,1791
2025-02-10_44_45,2160
2025-02-06_45_46,4538
2025-02-22_45_39,2186
2025-01-29_32_19,1578
2025-02-14_45_47,5941
2025-02-21_30_02,2403
2025-02-24_36_37,6861
2025-02-21_28_45,1533
2025-01-10_31_02,1588
2025-02-20_09_46,3895
2025-02-01_28_47,1654
2025-01-20_46_26,1360
2025-01-18_27_36,1609
2025-02-15_36_22,1654
2025-02-12_46_44,1827
2025-02-24_09_46,5212
2025-01-20_38_36,1389
2025-01-28_46_47,1251
2025-01-19_47_28,1772
2025-01-06_13_23,2404
2025-01-31_32_19,1883
2025-01-01_47_08,1192
2025-02-24_47_30,1734
2025-02-16_45_47,5002
2025-01-16_45_05,1397
2025-01-05_30_02,2989
2025-01-17_08_47,1694
2025-01-16_36_07,1553
2025-01-19_09_46,9415
2025-01-15_42_45,1213
2025-02-03_47_30,1729
2025-02-14_26_46,1700
2025-01-17_46_48,5726
2025-02-11_17_23,1262
2025-01-09_17_23,969
2025-01-04_05_45,2995
2025-02-08_45_39,2323
2025-01-09_02_21,1162
2025-02-11_31_02,1886
2025-02-24_38_36,1946
2025-01-18_46_44,3117
2025-02-02_36_12,2209
2025-01-05_23_25,1881
2025-01-21_02_31,1656
2025-01-24_25_23,1299
2025-02-06_12_36,1485
2025-01-21_13_23,1664
2025-02-28_45_28,4782
2025-01-02_42_45,2029
2025-02-13_02_47,2002
2025-01-21_45_34,1277
2025-01-31_38_36,1180
2025-01-27_23_25,822
2025-02-01_18_46,2295
2025-01-04_04_29,1324
2025-02-24_34_45,2175
2025-02-12_34_45,1317
2025-02-22_30_02,2430
2025-02-12_36_22,1266
2025-01-28_46_26,1330
2025-01-07_12_36,1356
2025-01-25_36_27,1523
2025-01-30_45_28,2742
2025-01-25_45_05,1178
2025-02-01_27_36,1258
2025-01-13_47_08,2499
2025-02-20_46_45,3573
2025-01-13_08_47,1533
2025-02-21_03_47,1382
2025-02-28_45_09,4812
2025-02-08_46_26,2387
2025-02-17_44_46,2698
2025-02-11_46_48,3520
2025-01-11_40_02,1906
2025-02-12_44_45,1216
2025-02-20_14_30,1492
2025-02-11_15_46,1938
2025-01-08_15_46,926
2025-01-19_48_45,3783
2025-01-11_08_47,1821
2025-01-28_47_30,1340
2025-01-13_40_02,1834
2025-02-24_22_36,1527
2025-02-08_06_47,1416
2025-01-31_47_45,4443
2025-01-13_12_36,1694
2025-01-29_09_46,3272
2025-01-16_02_19,1812
2025-01-07_46_33,971
2025-01-18_19_32,2503
2025-02-25_46_20,2910
2025-02-28_47_02,2002
2025-01-09_47_45,4249
2025-02-26_13_23,1823
2025-02-25_36_12,1582
2025-02-19_35_46,1540
2025-02-25_40_02,1917
2025-02-04_40_02,2289
2025-01-27_20_46,1546
2025-02-19_30_02,1547
2025-02-10_13_23,2456
2025-01-28_31_02,1859
2025-02-19_45_34,1676
2025-02-15_05_47,2878
2025-01-18_11_36,1879
2025-02-15_33_46,1121
2025-02-26_06_47,1141
2025-01-30_47_30,1856
2025-01-23_47_46,1518
2025-01-23_17_23,1157
2025-01-25_33_46,1030
2025-01-06_48_45,2299
2025-02-08_23_25,1747
2025-02-25_05_45,1580
2025-01-20_03_47,2497
2025-01-19_13_23,3202
2025-02-07_46_45,5083
2025-02-10_06_47,1590
2025-01-23_25_23,1511
2025-01-19_34_45,3437
2025-01-25_46_15,1307
2025-02-23_47_05,3037
2025-02-20_20_46,1289
2025-01-11_02_31,1848
2025-01-10_27_36,1340
2025-01-09_45_47,5088
2025-01-18_47_28,2090
2025-02-16_36_11,3565
2025-01-25_47_03,1501
2025-01-15_02_24,978
2025-01-09_41_36,2466
2025-02-19_47_30,1606
2025-02-10_02_31,1597
2025-02-10_40_02,2530
2025-02-10_11_36,2725
2025-01-23_36_07,1568
2025-01-22_40_02,1910
2025-02-15_48_46,3546
2025-01-13_48_46,3679
2025-01-09_36_27,841
2025-02-16_46_35,2597
2025-02-17_03_47,1787
2025-01-20_48_46,6285
2025-01-04_45_47,4101
2025-02-22_03_47,1520
2025-02-19_30_14,1591
2025-01-16_09_45,3619
2025-01-16_22_36,931
2025-01-19_02_47,2276
2025-01-14_46_48,5046
2025-02-03_43_47,2105
2025-01-22_23_25,4162
2025-01-26_46_18,985
2025-02-13_39_45,1664
2025-02-01_33_46,1624
2025-01-23_02_16,1394
2025-01-28_44_46,1417
2025-01-12_46_18,3444
2025-01-25_02_21,1452
2025-01-08_47_28,2520
2025-02-02_02_31,1431
2025-01-15_47_10,1119
2025-02-04_44_45,1236
2025-02-15_36_07,2262
2025-02-15_16_02,1574
2025-02-13_12_36,1494
2025-01-13_19_32,2418
2025-01-15_48_45,3163
2025-02-18_02_40,2475
2025-01-21_27_36,1175
2025-01-31_47_28,3209
2025-02-07_23_25,2246
2025-01-20_14_30,1650
2025-01-24_02_31,3078
2025-01-12_02_19,1788
2025-02-14_46_35,4224
2025-01-29_47_05,2060
2025-01-14_14_30,1023
2025-01-18_48_46,7083
2025-02-07_19_32,2532
2025-01-19_19_30,2515
2025-01-11_19_02,1666
2025-02-14_48_45,1505
2025-01-17_47_05,3280
2025-01-25_41_36,2930
2025-01-22_07_36,1170
2025-01-06_46_26,1260
2025-02-10_19_32,2162
2025-02-11_36_11,2806
2025-02-22_23_25,2147
2025-01-02_09_45,3950
2025-02-13_30_14,1730
2025-01-15_02_31,1754
2025-02-02_46_26,2275
2025-02-05_17_23,1161
2025-02-05_34_45,1252
2025-02-02_36_11,2217
2025-02-03_05_45,2015
2025-01-21_36_37,621
2025-01-29_41_36,2792
2025-02-05_27_36,1595
2025-01-09_02_30,1361
2025-02-08_36_11,2883
2025-02-16_38_36,3481
2025-01-14_46_35,3246
2025-01-01_45_09,4108
2025-01-24_36_27,1340
2025-01-09_40_02,1484
2025-01-01_30_14,1375
2025-02-01_36_22,1649
2025-02-19_02_40,2281
2025-01-02_03_47,1317
2025-02-27_47_05,2911
2025-02-15_02_47,2035
2025-01-22_36_27,1091
2025-02-20_37_36,3869
2025-02-18_02_01,1265
2025-02-14_46_15,2110
2025-01-16_02_14,1290
2025-02-19_02_01,1388
2025-02-21_07_36,1818
2025-01-16_46_33,1271
2025-01-12_30_14,1158
2025-01-31_47_46,2345
2025-01-27_46_44,1401
2025-02-21_26_46,1691
2025-02-22_48_46,4039
2025-02-16_36_12,2277
2025-02-23_21_02,2201
2025-02-26_48_45,1946
2025-01-04_17_23,1777
2025-02-28_21_02,1385
2025-01-21_36_12,1219
2025-01-27_34_45,2317
2025-01-02_46_20,1309
2025-01-21_47_08,889
2025-01-30_47_28,2234
2025-01-26_46_33,1093
2025-02-08_02_47,1976
2025-02-12_47_05,3110
2025-02-15_45_46,4213
2025-01-28_30_14,1065
2025-01-06_09_45,3876
2025-01-03_47_03,2233
2025-02-24_31_02,2331
2025-02-15_15_46,1408
2025-02-19_47_46,1527
2025-01-25_04_29,1236
2025-02-01_46_33,1836
2025-01-08_46_33,1521
2025-01-24_33_46,1070
2025-01-12_12_36,2908
2025-01-03_02_14,1419
2025-01-19_02_01,1253
2025-01-16_47_45,3917
2025-01-01_45_47,5496
2025-02-13_22_36,1467
2025-01-01_28_45,2674
2025-01-08_19_30,1451
2025-01-27_33_46,1295
2025-01-02_02_40,2095
2025-02-22_21_02,1262
2025-02-19_06_47,1065
2025-01-02_47_10,1095
2025-02-24_46_48,4927
2025-01-31_02_21,1614
2025-02-23_47_43,2437
2025-02-22_02_31,2208
2025-01-14_45_28,2429
2025-02-18_46_09,3760
2025-01-18_02_40,2148
2025-02-22_46_33,1454
2025-01-01_30_02,1952
2025-02-15_26_46,2021
2025-02-03_36_37,2894
2025-02-08_46_15,2615
2025-01-17_45_46,5015
2025-01-11_05_45,2593
2025-01-29_07_36,1354
2025-01-10_06_47,1540
2025-02-25_45_28,2915
2025-01-19_47_10,1371
2025-01-20_46_33,952
2025-01-23_05_45,1356
2025-02-12_02_16,1313
2025-01-14_12_36,1451
2025-02-23_26_46,2874
2025-02-05_46_48,3824
2025-01-28_17_23,1153
2025-02-24_02_16,1444
2025-01-09_45_34,2043
2025-01-17_02_24,1437
2025-01-24_02_14,1567
2025-02-11_04_29,1077
2025-02-28_45_48,3008
2025-02-06_36_07,1613
2025-02-25_11_36,2284
2025-01-01_32_19,2119
2025-02-14_46_47,2659
2025-01-04_21_02,1393
2025-02-18_36_41,2882
2025-02-28_02_40,3103
2025-01-18_36_27,1038
2025-01-13_14_30,1531
2025-01-08_17_23,1121
2025-02-21_25_23,1685
2025-01-27_02_30,2233
2025-01-22_47_06,1036
2025-01-21_45_42,1239
2025-02-26_23_13,1428
2025-02-13_02_16,1434
2025-02-09_25_23,2326
2025-01-10_44_45,1215
2025-02-02_47_03,1650
2025-02-02_47_08,1512
2025-01-24_47_03,1563
2025-01-03_20_46,1672
2025-02-20_04_29,976
2025-01-14_02_01,888
2025-01-11_47_05,10489
2025-02-07_46_15,2616
2025-02-13_47_06,1521
2025-01-16_36_11,2088
2025-01-01_46_09,4676
2025-02-26_46_26,1354
2025-01-03_21_02,1307
2025-01-15_18_46,3877
2025-02-19_47_45,3584
2025-01-03_37_36,298
2025-02-05_46_45,3514
2025-01-23_16_02,1184
2025-01-29_46_33,1126
2025-01-04_08_47,1318
2025-01-13_37_36,138
2025-02-01_16_02,1539
2025-01-02_36_37,87
2025-02-02_46_47,2817
2025-02-09_47_43,2833
2025-02-22_02_24,1618
2025-01-27_03_47,1559
2025-02-05_47_08,1103
2025-01-11_47_45,4795
2025-01-23_02_01,1075
2025-02-16_47_30,2556
2025-01-14_47_30,1182
2025-01-14_45_09,2754
2025-01-20_47_30,1704
2025-01-26_42_45,2368
2025-01-09_02_31,2160
2025-02-26_38_36,2019
2025-01-04_46_48,4132
2025-01-10_03_45,1955
2025-01-28_07_36,1151
2025-02-07_36_37,8054
2025-01-14_45_47,3765
2025-01-15_02_21,1138
2025-02-14_32_19,1965
2025-01-15_45_28,2341
2025-01-08_46_20,1752
2025-01-15_47_03,1444
2025-02-07_30_14,2355
2025-02-10_02_30,2341
2025-01-12_36_27,975
2025-01-10_46_09,9250
2025-01-25_46_35,2143
2025-02-05_46_44,2168
2025-01-23_12_36,1419
2025-01-01_02_01,1149
2025-01-16_45_03,1278
2025-01-15_46_20,1363
2025-01-21_02_47,1392
2025-02-23_45_34,2103
2025-02-24_02_31,1644
2025-01-27_47_45,3647
2025-02-22_45_03,1535
2025-01-18_02_31,1947
2025-02-12_45_28,2359
2025-02-15_17_23,1466
2025-02-01_19_32,2441
2025-01-22_47_02,1332
2025-01-10_47_43,8631
2025-02-27_45_05,1554
2025-02-01_45_34,1557
2025-01-18_46_33,1433
2025-02-11_47_45,3553
2025-01-05_02_40,2326
2025-01-09_02_16,1223
2025-01-11_42_45,1394
2025-02-23_02_40,2558
2025-01-28_32_19,1626
2025-01-09_36_41,4398
2025-02-04_20_46,1391
2025-01-03_46_33,1347
2025-02-06_06_47,1325
2025-01-25_44_45,1240
2025-02-09_45_05,1562
2025-01-03_03_45,1460
2025-02-17_23_25,1818
2025-01-06_46_44,1324
2025-01-21_28_45,2104
2025-01-20_45_34,1153
2025-01-06_20_46,1596
2025-01-03_36_41,4024
2025-01-23_41_36,3107
2025-01-06_05_47,2572
2025-02-03_47_45,4933
2025-01-28_36_12,1285
2025-02-10_19_02,2264
2025-02-06_11_36,2069
2025-01-26_46_20,1182
2025-02-20_47_10,1314
2025-01-06_19_32,2147
2025-01-15_41_36,3248
2025-01-04_16_02,1531
2025-01-03_33_46,1288
2025-02-17_02_30,2308
2025-01-17_12_36,1562
2025-01-10_19_30,1330
2025-02-01_02_40,2930
2025-01-22_36_11,1415
2025-01-18_04_29,1192
2025-01-01_45_34,2250
2025-01-04_47_03,2448
2025-01-14_30_14,909
2025-02-26_02_30,1869
2025-02-07_33_46,982
2025-01-07_48_45,1282
2025-01-31_25_23,1556
2025-01-08_34_45,1899
2025-02-14_39_45,1627
2025-01-21_47_43,1791
2025-02-20_23_13,1357
2025-02-08_32_19,1886
2025-01-23_23_25,2151
2025-02-09_46_35,2950
2025-02-08_45_44,1974
2025-02-11_45_44,1219
2025-01-03_17_23,1381
2025-01-11_23_13,1679
2025-01-19_40_02,3440
2025-02-02_28_47,3106
2025-02-12_46_47,1600
2025-01-11_47_43,7677
2025-02-06_45_09,3247
2025-02-04_03_47,1185
2025-02-17_45_42,1423
2025-02-10_47_02,1794
2025-01-20_48_45,2962
2025-01-28_45_46,3322
2025-02-05_32_19,1773
2025-01-10_43_47,3111
2025-01-09_47_08,3012
2025-01-02_47_05,2387
2025-01-10_33_46,1128
2025-01-11_36_37,782
2025-02-02_47_28,1629
2025-02-05_47_30,1795
2025-01-02_45_44,1176
2025-02-27_35_46,1623
2025-01-16_47_03,1554
2025-02-15_02_30,3142
2025-01-29_21_02,965
2025-01-23_36_41,3549
2025-01-03_45_42,1940
2025-01-19_45_47,4726
2025-02-12_02_40,2482
2025-02-14_33_46,1168
2025-02-18_02_16,1329
2025-02-15_09_45,3174
2025-01-08_05_45,1239
2025-01-25_02_31,1932
2025-02-14_45_34,3275
2025-01-02_46_15,1174
2025-01-17_48_46,6437
2025-01-14_41_36,3760
2025-02-08_47_28,2643
2025-01-09_45_44,1830
2025-01-21_07_36,1624
2025-02-17_46_15,1147
2025-01-10_18_46,1500
2025-01-23_38_36,882
2025-02-18_02_31,1959
2025-01-29_36_07,1426
2025-02-05_12_36,1719
2025-01-08_46_15,1431
2025-01-21_36_22,919
2025-01-30_02_47,1753
2025-01-10_46_26,2877
2025-02-13_03_45,1354
2025-01-27_30_02,1833
2025-01-05_46_09,5317
2025-01-11_45_34,2427
2025-02-01_47_45,4508
2025-02-08_19_02,2760
2025-01-08_46_48,5239
2025-01-15_47_06,1100
2025-01-14_17_23,1082
2025-02-07_30_02,2318
2025-02-03_44_45,2341
2025-01-14_16_02,1029
2025-01-06_44_46,2300
2025-02-02_46_33,1599
2025-01-23_45_34,2157
2025-02-04_02_01,1197
2025-02-19_12_36,2162
2025-02-08_31_02,2120
2025-01-31_01_02,1202
2025-02-20_23_25,1885
2025-02-06_02_01,1339
2025-02-15_45_44,1571
2025-02-14_07_36,1673
2025-02-09_47_08,1474
2025-02-25_45_05,2207
2025-02-02_03_45,2376
2025-01-19_22_36,1730
2025-01-09_02_19,1502
2025-02-28_46_33,2171
2025-02-28_28_47,1731
2025-02-21_36_22,1567
2025-02-25_02_16,1431
2025-01-13_45_05,1621
2025-02-28_25_23,1732
2025-02-26_26_46,1669
2025-01-05_37_36,461
2025-01-27_45_39,1115
2025-01-05_06_47,2520
2025-02-20_30_14,1971
2025-01-22_45_44,952
2025-01-27_14_30,1728
2025-01-21_08_47,1529
2025-02-28_14_30,1887
2025-02-24_45_34,1596
2025-02-05_08_47,1379
2025-01-20_45_05,1011
2025-01-26_30_14,1159
2025-01-30_02_01,1198
2025-02-19_47_06,1405
2025-01-07_05_45,1637
2025-02-21_33_46,1035
2025-01-10_36_41,5858
2025-01-01_46_44,2313
2025-01-11_45_09,4542
2025-01-10_38_36,1078
2025-01-26_23_13,2150
2025-01-28_18_46,1037
2025-02-15_22_36,2162
2025-01-19_15_46,4278
2025-01-29_42_45,1270
2025-02-10_35_46,2976
2025-01-13_45_09,3464
2025-01-17_38_36,957
2025-02-11_36_07,1850
2025-02-10_45_28,2254
2025-01-19_47_05,3523
2025-02-02_15_46,2543
2025-02-10_36_37,5782
2025-02-07_40_02,2575
2025-02-23_02_24,1180
2025-01-29_02_40,1946
2025-02-13_45_44,1233
2025-01-09_23_13,1267
2025-02-18_46_35,1623
2025-01-01_31_02,4963
2025-01-16_02_47,1651
2025-01-06_02_16,1251
2025-02-19_44_46,1520
2025-02-23_20_46,2484
2025-02-21_12_36,2225
2025-02-19_48_46,3071
2025-02-13_36_11,2742
2025-01-14_01_02,921
2025-01-06_02_21,1133
2025-01-05_28_47,3420
2025-02-08_47_03,1802
2025-01-16_48_46,7386
2025-01-31_36_11,2556
2025-01-09_27_36,980
2025-02-07_32_19,1946
2025-02-09_31_02,3060
2025-02-07_46_20,2297
2025-02-07_44_45,1276
2025-01-19_07_36,1954
2025-01-10_05_47,3841
2025-01-08_23_13,1203
2025-01-02_02_30,1924
2025-02-26_36_27,1367
2025-01-29_46_26,1266
2025-01-07_47_03,2665
2025-02-12_43_47,1657
2025-01-17_46_15,1629
2025-02-14_09_45,3849
2025-01-12_43_47,2538
2025-02-25_47_28,2467
2025-01-01_44_46,4247
2025-02-23_36_41,2771
2025-01-27_45_46,2918
2025-01-27_02_16,1423
2025-01-08_42_45,1238
2025-02-23_46_09,5889
2025-01-10_02_40,2578
2025-01-29_45_34,1317
2025-02-28_16_02,1504
2025-01-09_19_32,1990
2025-02-18_45_42,1461
2025-01-26_45_46,5529
2025-02-19_46_48,3132
2025-02-01_44_45,1297
2025-02-15_45_39,2267
2025-01-09_45_42,1442
2025-02-01_09_45,3310
2025-02-13_47_45,4364
2025-02-28_46_15,2605
2025-02-09_47_45,5871
2025-01-11_48_45,1767
2025-01-03_47_43,2816
2025-02-09_36_12,2731
2025-02-16_48_46,6580
2025-02-07_35_46,2041
2025-01-21_46_48,2687
2025-02-20_47_06,1464
2025-02-21_46_47,2178
2025-01-04_47_46,2659
2025-01-09_36_37,239
2025-02-22_34_45,1644
2025-02-10_46_15,1223
2025-01-21_46_26,1306
2025-01-01_08_47,2118
2025-02-27_05_47,2573
2025-02-12_19_30,1316
2025-01-08_05_47,1793
2025-01-13_36_22,1570
2025-01-02_47_43,1781
2025-02-10_48_45,2590
2025-01-03_02_16,1621
2025-01-03_47_10,1293
2025-01-14_32_19,1637
2025-01-30_41_36,2173
2025-01-22_42_45,1421
2025-02-06_02_31,2817
2025-02-18_47_05,2166
2025-02-28_36_11,3166
2025-02-01_05_47,2361
2025-02-21_19_30,1602
2025-02-14_04_29,1372
2025-01-17_19_02,1972
2025-02-12_20_46,1343
2025-02-08_21_02,1233
2025-01-01_02_19,2052
2025-01-02_45_48,1516
2025-01-05_03_47,2082
2025-01-24_36_07,2032
2025-01-20_47_06,1079
2025-01-15_19_30,1666
2025-01-20_28_45,2903
2025-01-26_46_45,5947
2025-01-01_13_23,2181
2025-02-22_46_20,1941
2025-01-23_47_10,1155
2025-02-21_48_46,3685
2025-02-03_46_33,1141
2025-01-10_45_05,5402
2025-02-18_40_02,1992
2025-02-24_28_47,2330
2025-01-21_45_47,3220
2025-01-05_09_46,7109
2025-01-10_40_02,2046
2025-01-07_02_14,951
2025-01-18_47_08,1330
2025-02-18_36_12,1532
2025-01-09_19_02,1498
2025-01-26_44_45,1943
2025-02-03_16_02,1590
2025-02-12_11_36,2279
2025-02-25_45_44,1309
2025-01-06_02_24,899
2025-02-12_14_30,1542
2025-02-01_45_48,2488
2025-02-08_47_43,2463
2025-02-05_01_02,1101
2025-01-26_18_46,2454
2025-02-04_28_47,1981
2025-01-16_46_09,4631
2025-01-06_46_35,1382
2025-02-27_36_27,1811
2025-02-21_36_27,1766
2025-02-08_46_45,4017
2025-02-01_25_23,1589
2025-02-06_45_05,1950
2025-01-29_45_47,3774
2025-01-13_16_02,1346
2025-01-07_47_46,1428
2025-02-18_08_47,1249
2025-02-14_44_46,2130
2025-01-15_46_47,1471
2025-01-05_36_37,78
2025-02-05_42_45,1535
2025-01-24_13_23,2157
2025-01-13_05_47,2967
2025-01-22_19_02,1752
2025-01-17_46_09,4664
2025-02-01_36_12,2291
2025-01-09_42_45,1021
2025-01-06_02_01,1134
2025-02-03_19_32,2153
2025-02-06_05_45,1577
2025-02-11_14_30,1472
2025-01-21_48_46,4853
2025-02-24_45_28,1967
2025-02-02_45_09,3282
2025-02-22_19_02,2445
2025-02-17_20_46,1658
2025-01-23_03_47,1377
2025-01-19_01_02,1850
2025-01-12_47_06,3151
2025-01-14_45_05,1070
2025-02-21_45_44,2074
2025-01-08_36_22,1114
2025-01-24_02_24,1531
2025-01-13_47_30,1884
2025-02-01_19_30,1918
2025-02-26_47_02,1537
2025-02-09_46_48,5051
2025-02-16_47_45,6109
2025-02-11_32_19,1907
2025-01-30_46_26,1778
2025-02-07_47_30,2277
2025-02-27_21_02,1474
2025-01-03_06_47,1372
2025-02-15_02_19,2339
2025-02-16_02_16,1829
2025-02-16_45_05,1643
2025-01-05_47_28,1890
2025-01-05_45_44,1239
2025-01-17_36_12,2326
2025-01-24_38_36,1344
2025-01-29_47_30,1429
2025-01-18_36_37,924
2025-02-21_45_46,5508
2025-01-10_47_45,5347
2025-02-19_42_45,1441
2025-01-02_16_02,1418
2025-02-20_08_47,1250
2025-01-19_41_36,3702
2025-01-24_11_36,1918
2025-02-13_47_02,1958
2025-01-24_36_41,4593
2025-01-09_46_48,6622
2025-01-04_47_45,5190
2025-01-31_02_14,1755
2025-02-15_19_30,1714
2025-01-29_02_01,1178
2025-01-23_06_47,1298
2025-01-07_15_46,1105
2025-02-11_02_21,1155
2025-02-09_36_41,3013
2025-01-24_46_26,2124
2025-02-22_02_47,2130
2025-01-04_46_20,1442
2025-01-29_40_02,1666
2025-02-27_19_32,2258
2025-01-22_28_47,1643
2025-02-26_46_35,2415
2025-02-02_47_10,1180
2025-02-05_19_02,1985
2025-02-12_46_48,3471
2025-02-26_43_47,1612
2025-01-22_47_30,1549
2025-01-02_36_07,2096
2025-02-24_36_12,2096
2025-01-23_28_45,1824
2025-01-08_11_36,1418
2025-01-25_02_47,1829
2025-02-02_21_02,1823
2025-01-05_19_30,2683
2025-02-11_45_05,1644
2025-01-25_47_05,3325
2025-02-20_45_47,5087
2025-01-12_02_21,1286
2025-01-14_42_45,1708
2025-01-16_46_26,1692
2025-02-22_01_02,1239
2025-01-11_36_12,1820
2025-02-19_03_47,1161
2025-02-08_42_45,1832
2025-01-16_36_41,3790
2025-02-23_48_45,2989
2025-02-27_45_09,3662
2025-01-04_40_02,3464
2025-02-28_39_45,1712
2025-02-10_02_19,2045
2025-01-17_45_42,2170
2025-02-19_19_30,1772
2025-01-20_45_44,1059
2025-01-09_46_15,2103
2025-01-15_02_47,1485
2025-01-04_36_22,1766
2025-01-26_45_09,2922
2025-02-28_34_45,1637
2025-02-10_36_12,1777
2025-02-07_38_36,1422
2025-01-20_35_46,3913
2025-02-24_46_15,1248
2025-02-07_46_47,2162
2025-02-16_02_30,3247
2025-01-14_38_36,913
2025-01-05_02_30,3580
2025-02-28_03_45,1403
2025-02-17_45_48,1145
2025-01-14_19_30,1208
2025-02-03_02_30,2352
2025-02-23_02_01,1470
2025-01-27_01_02,1367
2025-02-17_13_23,2253
2025-01-20_19_30,1708
2025-01-29_47_10,1109
2025-02-24_02_40,2248
2025-02-03_30_14,1056
2025-01-31_45_47,5743
2025-02-08_02_19,2291
2025-01-13_02_01,1096
2025-01-15_05_47,6682
2025-02-19_02_14,1210
2025-02-27_42_45,1220
2025-01-26_14_30,2690
2025-01-15_45_34,1277
2025-02-06_47_06,1767
2025-02-15_14_30,1827
2025-01-17_14_30,1584
2025-01-27_47_03,1142
2025-01-19_17_23,1649
2025-02-22_45_09,3785
2025-01-25_17_23,1217
2025-02-17_45_34,1586
2025-02-13_45_39,2965
2025-02-22_19_32,2533
2025-02-04_47_06,1280
2025-01-30_33_46,866
2025-02-02_45_47,4992
2025-01-13_45_39,1771
2025-01-17_46_26,1545
2025-01-13_35_46,2412
2025-01-03_46_15,1429
2025-01-16_46_45,3611
2025-02-14_02_19,3089
2025-01-31_47_06,1541
2025-02-01_45_03,1250
2025-01-24_41_36,3091
2025-01-02_23_25,1754
2025-01-24_46_35,3003
2025-02-09_33_46,3269
2025-01-23_40_02,2206
2025-01-31_19_32,2933
2025-02-14_02_30,3109
2025-01-04_27_36,1511
2025-02-09_47_46,2945
2025-02-08_45_46,4339
2025-01-21_35_46,3198
2025-01-23_32_19,1436
2025-02-17_28_47,2693
2025-02-22_09_46,4536
2025-02-23_47_02,2786
2025-02-16_17_23,1938
2025-01-31_46_33,2099
2025-01-08_47_08,1815
2025-02-08_02_30,3062
2025-01-19_32_19,2468
2025-02-02_32_19,2572
2025-02-10_45_48,1361
2025-02-15_07_36,1723
2025-01-20_02_30,2753
2025-01-18_47_06,1270
2025-01-14_31_02,1910
2025-01-19_02_21,1183
2025-01-19_06_47,4520
2025-01-30_02_24,1055
2025-01-09_14_30,1085
2025-02-05_15_46,1434
2025-01-10_47_06,4906
2025-01-30_06_47,1135
2025-01-09_07_36,1161
2025-02-26_17_23,1074
2025-02-01_06_47,1459
2025-01-16_45_47,4250
2025-02-10_02_01,1339
2025-02-04_27_36,1738
2025-01-11_07_36,1535
2025-02-01_47_46,2004
2025-02-18_02_14,1672
2025-01-25_36_41,4246
2025-01-10_46_15,3645
2025-01-04_28_45,2078
2025-01-04_19_32,2242
2025-01-24_36_37,2221
2025-01-29_37_36,3464
2025-01-23_05_47,2073
2025-02-27_03_45,1216
2025-02-08_36_22,1693
2025-02-10_21_02,1393
2025-01-03_47_45,4404
2025-01-13_04_29,1274
2025-02-25_06_47,1291
2025-01-04_09_45,4012
2025-02-25_46_47,1639
2025-01-09_19_30,1310
2025-01-07_43_47,1496
2025-02-15_35_46,2162
2025-02-20_15_46,1028
2025-02-12_06_47,1331
2025-01-27_05_45,1822
2025-02-20_34_45,1351
2025-02-13_45_34,2505
2025-01-06_23_13,1559
2025-02-11_47_43,1774
2025-01-16_47_02,1270
2025-01-04_20_46,2288
2025-01-09_39_45,1037
2025-01-13_44_45,1352
2025-02-26_35_46,1449
2025-01-29_38_36,830
2025-01-17_36_37,1210
2025-01-17_45_47,4366
2025-01-30_46_47,1377
2025-01-25_12_36,1892
2025-02-26_02_24,1086
2025-02-16_21_02,1933
2025-01-26_45_28,1595
2025-02-08_13_23,2098
2025-01-06_41_36,3451
2025-01-22_09_45,2886
2025-02-15_48_45,1631
2025-01-10_41_36,3594
2025-01-12_41_36,4861
2025-02-14_47_02,2267
2025-01-18_45_48,1903
2025-02-17_45_44,1068
2025-01-15_28_47,3180
2025-02-13_47_10,1087
2025-01-21_05_47,2822
2025-01-14_19_32,1838
2025-02-06_45_34,2277
2025-02-04_47_03,1380
2025-02-10_34_45,2154
2025-01-01_06_47,1690
2025-02-16_19_02,3221
2025-02-06_45_48,1958
2025-02-01_44_46,2660
2025-01-12_19_32,2442
2025-02-26_18_46,1344
2025-02-11_36_27,1563
2025-01-07_38_36,739
2025-01-17_36_41,4084
2025-01-29_48_46,3048
2025-01-02_36_41,4652
2025-02-19_33_46,946
2025-01-04_47_10,1517
2025-01-17_47_43,2303
2025-01-13_47_43,4138
2025-01-28_34_45,1645
2025-01-19_46_26,2075
2025-02-16_36_27,1661
2025-01-15_17_23,1168
2025-02-18_12_36,1980
2025-01-16_47_05,2477
2025-01-26_12_36,2876
2025-02-24_48_45,1872
2025-01-11_05_47,4250
2025-01-28_45_34,1226
2025-02-26_30_02,1486
2025-01-02_46_26,1700
2025-01-23_45_28,2653
2025-01-28_42_45,1367
2025-01-17_19_32,2251
2025-01-25_38_36,1240
2025-02-20_44_46,1955
2025-01-13_47_10,2304
2025-02-10_47_28,2162
2025-01-30_14_30,1708
2025-02-16_44_45,2588
2025-02-20_09_45,2727
2025-01-27_02_24,941
2025-01-31_23_13,2143
2025-02-05_23_25,1916
2025-01-06_36_37,0
2025-01-05_01_02,1561
2025-01-28_47_05,2206
2025-01-20_45_42,1323
2025-01-19_36_27,984
2025-02-26_41_36,2515
2025-02-16_45_34,1770
2025-02-16_18_46,3196
2025-01-10_47_10,3848
2025-01-31_27_36,1277
2025-02-28_45_44,1995
2025-02-03_36_27,1277
2025-02-07_06_47,1572
2025-02-07_31_02,1784
2025-01-27_07_36,1758
2025-02-20_02_19,2222
2025-02-05_45_42,1534
2025-02-26_15_46,1056
2025-02-02_45_44,1391
2025-01-02_45_39,1852
2025-01-07_46_48,3179
2025-02-22_47_10,1512
2025-02-20_36_22,1112
2025-01-01_41_36,6347
2025-02-07_36_12,2651
2025-02-02_39_45,4213
2025-02-11_19_30,1591
2025-02-23_19_02,3162
2025-02-17_19_02,2306
2025-02-16_02_47,2370
2025-02-18_30_02,1631
2025-02-04_15_46,1436
2025-01-24_05_45,1969
2025-02-01_11_36,2058
2025-01-08_09_45,2443
2025-01-25_36_37,2428
2025-02-05_45_34,1661
2025-01-28_02_24,953
2025-02-19_18_46,1089
2025-01-06_15_46,1558
2025-01-07_45_34,1296
2025-01-12_02_31,1495
2025-02-14_36_37,8654
2025-02-15_05_45,1907
2025-02-14_46_48,5907
2025-01-10_48_45,2035
2025-02-27_38_36,1477
2025-01-16_46_20,1428
2025-01-14_08_47,2088
2025-02-19_13_23,1576
2025-02-05_30_14,1275
2025-02-27_36_37,1915
2025-01-01_36_27,968
2025-02-02_17_23,1527
2025-02-04_46_09,3233
2025-02-14_02_31,3093
2025-02-12_47_45,3547
2025-01-23_30_02,1939
2025-01-19_14_30,1952
2025-01-15_36_11,1651
2025-02-21_02_31,3219
2025-01-20_45_39,1189
2025-02-28_02_01,1684
2025-02-28_47_46,2549
2025-02-22_36_41,3947
2025-01-03_02_21,1425
2025-02-27_45_28,2802
2025-01-19_19_32,2530
2025-01-24_23_25,1971
2025-02-19_19_32,2558
2025-02-27_45_47,4525
2025-01-12_47_10,2946
2025-01-22_48_45,1271
2025-02-12_30_02,1571
2025-01-29_46_20,1116
2025-01-10_22_36,1764
2025-02-21_46_35,4321
2025-01-30_47_03,1364
2025-02-24_41_36,2718
2025-02-01_38_36,1276
2025-01-19_47_03,1540
2025-02-11_36_12,1411
2025-01-23_44_46,1694
2025-02-24_36_41,2719
2025-01-14_23_13,1188
2025-01-18_47_30,2171
2025-02-20_01_02,1109
2025-02-26_46_44,2813
2025-01-13_45_48,2368
2025-01-08_26_46,1235
2025-02-03_07_36,1702
2025-02-25_26_46,1419
2025-02-08_05_47,2552
2025-02-19_36_22,1177
2025-01-10_47_08,4382
2025-02-22_30_14,1946
2025-01-21_36_11,1671
2025-02-11_33_46,1390
2025-01-12_46_09,6170
2025-02-03_45_03,1144
2025-01-30_02_30,1837
2025-02-08_11_36,2498
2025-01-01_34_45,6034
2025-01-07_02_21,999
2025-02-28_47_05,4431
2025-02-11_46_33,939
2025-02-01_46_35,2942
2025-02-25_20_46,1145
2025-01-07_45_44,918
2025-01-05_47_02,2365
2025-01-29_46_15,1350
2025-01-29_45_28,2193
2025-01-03_48_46,4587
2025-02-10_32_19,2471
2025-02-19_46_33,1085
2025-02-04_45_09,2366
2025-02-11_47_02,1538
2025-01-30_47_02,1596
2025-02-05_28_47,1820
2025-01-30_03_45,1215
2025-02-16_06_47,2272
2025-02-13_02_31,2603
2025-01-31_36_27,1681
2025-01-20_19_02,2269
2025-02-19_36_07,1366
2025-02-05_45_28,2661
2025-01-16_45_44,1173
2025-01-17_34_45,1921
2025-01-02_02_24,981
2025-02-09_48_45,3137
2025-01-07_02_24,721
2025-02-24_46_47,1828
2025-01-13_11_36,1808
2025-01-31_45_48,2995
2025-02-25_04_29,1049
2025-02-26_28_47,1550
2025-02-27_02_19,1981
2025-02-28_45_05,2415
2025-01-01_46_18,1550
2025-01-01_19_32,2240
2025-01-22_47_46,1509
2025-02-07_21_02,1351
2025-02-15_46_44,3478
2025-02-27_23_25,1869
2025-02-24_47_06,1328
2025-02-15_47_02,1975
2025-01-31_47_30,2040
2025-01-18_22_36,1413
2025-01-04_47_05,3800
2025-02-10_46_44,2101
2025-01-22_23_13,1916
2025-02-25_02_24,1165
2025-01-28_45_39,1016
2025-02-17_45_39,1278
2025-02-01_47_05,3277
2025-01-20_40_02,2574
2025-01-11_36_41,4581
2025-01-09_08_47,1431
2025-01-08_02_30,1433
2025-01-09_02_47,1979
2025-01-22_47_45,3725
2025-02-19_19_02,1915
2025-02-19_45_39,1851
2025-02-27_46_35,2997
2025-01-10_02_19,2326
2025-01-25_47_02,1726
2025-01-09_36_11,1349
2025-01-13_47_45,4439
2025-02-01_46_26,2233
2025-01-26_04_29,1113
2025-02-03_06_47,1413
2025-02-23_05_47,4712
2025-02-18_46_48,2686
2025-01-11_45_05,3912
2025-01-23_46_48,4254
2025-02-21_46_09,7195
2025-01-17_32_19,1913
2025-01-24_45_03,1315
2025-01-27_32_19,2351
